band.type,cylinder.number,customer,job.number,grain.screened,ink.color,proof.on.ctd.ink,blade.mfg,cylinder.division,paper.type,ink.type,direct.steam,solvent.type,type.on.cylinder,press.type,press,unit.number,cylinder.size,paper.mill.location,plating.tank,proof.cut,viscosity,caliper,ink.temperature,humifity,roughness,blade.pressure,varnish.pct,press.speed,ink.pct,solvent.pct,ESA.Voltage,ESA.Amperage,wax,hardener,roller.durometer,current.density,anode.space.ratio,chrome.content
band,X126,TVGUIDE,25503,YES,KEY,YES,BENTON,GALLATIN,UNCOATED,UNCOATED,NO,LINE,YES,Motter94,821,2,TABLOID,NorthUS,1911,55,46,0.2,17,78,0.75,20,13.1,1700,50.5,36.4,0,0,2.5,1,34,40,105,100
noband,X266,TVGUIDE,25503,YES,KEY,YES,BENTON,GALLATIN,UNCOATED,UNCOATED,NO,LINE,YES,Motter94,821,2,TABLOID,NorthUS,NA,55,46,0.3,15,80,0.75,20,6.6,1900,54.9,38.5,0,0,2.5,0.7,34,40,105,100
noband,B7,MODMAT,47201,YES,KEY,YES,BENTON,GALLATIN,UNCOATED,COATED,NO,LINE,YES,WoodHoe70,815,9,CATALOG,NorthUS,NA,62,40,0.433,16,80,NA,30,6.5,1850,53.8,39.8,0,0,2.8,0.9,40,40,103.87,100
noband,T133,MASSEY,39039,YES,KEY,YES,BENTON,GALLATIN,UNCOATED,UNCOATED,NO,LINE,YES,WoodHoe70,816,9,CATALOG,NorthUS,1910,52,40,0.3,16,75,0.3125,30,5.6,1467,55.6,38.8,0,0,2.5,1.3,40,40,108.06,100
noband,J34,KMART,37351,NO,KEY,YES,BENTON,GALLATIN,UNCOATED,COATED,NO,LINE,YES,WoodHoe70,816,2,TABLOID,NA,1910,50,46,0.3,17,80,0.75,30,0,2100,57.5,42.5,5,0,2.3,0.6,35,40,106.67,100
noband,T218,MASSEY,38039,YES,KEY,YES,BENTON,GALLATIN,UNCOATED,UNCOATED,NO,LINE,YES,WoodHoe70,816,2,CATALOG,NorthUS,1910,50,40,0.267,16.8,76,0.4375,28,8.6,1467,53.8,37.6,5,0,2.5,0.8,40,40,103.87,100
noband,X249,ROSES,35751,NO,KEY,YES,BENTON,GALLATIN,COATED,COATED,NO,LINE,YES,Motter94,827,2,TABLOID,CANADIAN,1911,50,46,0.3,16.5,75,0.75,30,0,2600,62.5,37.5,6,0,2.5,0.6,30,40,106.67,100
noband,X788,ROSES,35751,NO,KEY,YES,BENTON,GALLATIN,COATED,COATED,NO,LINE,YES,Motter94,827,9,TABLOID,CANAdiAN,1911,50,46,0.2,16.5,75,0.75,28,0,2600,62.5,37.5,6,0,2.5,1.1,30,40,106.67,100
band,M372,MODMAT,47201,YES,KEY,YES,BENTON,GALLATIN,UNCOATED,UNCOATED,NO,XYLOL,YES,Albert70,802,7,CATALOG,NorthUS,1910,50,45,0.367,12,70,0.75,60,0,1650,60.2,39.8,1.5,0,3,1,40,40,103.22,100
noband,I320,CHILDCRAFT,37000,YES,KEY,YES,BENTON,GALLATIN,UNCOATED,UNCOATED,NO,LINE,YES,WoodHoe70,815,2,CATALOG,NorthUS,1911,65,43,0.333,16,75,1,32,22.7,1750,45.5,31.8,0,0,3,1,38,40,106.66,100
noband,I337,CHILDCRAFT,37000,YES,KEY,YES,BENTON,GALLATIN,UNCOATED,UNCOATED,NO,LINE,YES,WoodHoe70,815,9,CATALOG,NorthUS,1910,65,43,0.2,16,68,0.75,30,15.5,1750,48.5,35.9,0,0,3,1,38,40,106.6,100
band,X352,HANOVRHOUSE,35539,YES,KEY,YES,BENTON,GALLATIN,UNCOATED,UNCOATED,NO,LINE,YES,Motter94,821,2,TABLOID,NorthUS,1911,50,50,0.367,14,80,0.75,40,10.5,1700,52.6,36.8,0,0,2.5,1,38,40,105,100
band,X67,HANOVRHOUS,35539,YES,KEY,YES,BENTON,GALLATIN,UNCOATED,UNCOATED,NO,LINE,YES,Motter94,821,7,TABLOID,NorthUS,1911,50,50,0.3,15,70,1,30,10,1600,50,40,0,0,2.8,1,38,40,106.66,100
band,X817,GUIDEPOSTS,23052,YES,KEY,YES,BENTON,GALLATIN,UNCOATED,UNCOATED,NO,LINE,YES,Motter94,821,7,TABLOID,NorthUS,1911,40,45,0.3,14.5,70,0.625,25,0,1500,59.5,40.5,0,0,2,1,40,40,100,100
noband,X273,HANOVRHOUS,35539,YES,KEY,YES,BENTON,GALLATIN,UNCOATED,UNCOATED,NO,LINE,YES,Motter94,821,2,TABLOID,NorthUS,1911,50,43,0.267,16,75,1,20,15.8,1600,49.5,34.7,0,0,2.5,1,38,40,103.22,100
band,F108,MODMAT,47201,NA,KEY,YES,BENTON,GALLATIN,COATED,COATED,NO,LINE,NO,Motter70,813,9,CATALOG,NorthUS,1911,NA,45,0.233,15,87,1,NA,0,1400,62.5,37.5,0,0,2.5,1,40,40,103.22,100
noband,F237,HOMESHOP,38064,NO,KEY,YES,BENTON,GALLATIN,COATED,COATED,NO,LINE,NO,Motter70,813,5,CATALOG,CANADIAN,1911,30,45,0.2,14,65,NA,NA,0,1600,62.5,37.5,0,0,2.5,0.8,33,40,100,100
noband,F267,HOMESHOP,38064,NO,KEY,YES,BENTON,GALLATIN,COATED,COATED,NO,LINE,NO,Motter70,813,1,CATALOG,CANADIAN,1911,30,45,0.2,15.5,65,NA,NA,5.9,1600,58.8,35.3,0,0,2.5,1.8,33,40,100,100
noband,S21,USCAV,35521,YES,KEY,YES,BENTON,GALLATIN,UNCOATED,UNCOATED,NO,LINE,YES,Motter70,813,5,CATALOG,CANADIAN,1910,60,38,0.267,16.4,64,0.75,NA,11,1400,54.9,34.1,0,0,2.5,1,32,40,103.22,100
noband,F492,USCAV,35521,YES,KEY,YES,BENTON,GALLATIN,UNCOATED,UNCOATED,NO,LINE,YES,Motter70,813,1,CATALOG,CANADIAN,1911,60,38,0.333,16.5,66,0.75,NA,6.7,1400,56.2,37.1,0,0,1.1,1.4,32,40,103.22,100
noband,X799,COLORTIL,37571,NO,KEY,YES,BENTON,GALLATIN,COATED,COATED,NO,NAPTHA,NO,Motter94,824,2,TABLOID,CANADIAN,1911,50,45,0.233,16,70,0.8125,30,0,2400,58.8,41.2,0,0,1.7,1,30,40,107.4,100
noband,X823,COLORTIL,35751,NO,KEY,YES,BENTON,GALLATIN,COATED,COATED,NO,NAPTHA,YES,Motter94,824,9,TABLOID,CANADIAN,1911,40,45,0.2,15,76,0.8125,30,0,2400,62.5,37.5,0,0,1,1,30,40,107.4,100
noband,X163,WARDS,37340,NO,KEY,YES,BENTON,GALLATIN,COATED,COATED,NO,LINE,YES,Motter94,824,2,TABLOID,CANADIAN,1911,30,43,0.2,16.3,70,0.8125,25,1.2,2200,58.1,40.7,4,0,2,1,30,40,96.875,100
band,O4,TARGET,35816,NO,KEY,YES,BENTON,GALLATIN,COATED,COATED,NO,LINE,YES,Motter94,827,2,SPIEGEL,CANADIAN,1911,40,41,0.2,15.8,72,1,30,0,2000,62.5,37.5,0,0,2.5,1,30,40,107.4,100
band,E84,KMART,37352,NO,KEY,YES,BENTON,GALLATIN,COATED,COATED,NO,LINE,YES,Motter94,827,9,TABLOID,SCANDANAVIAN,1911,40,42,0.2,14.5,74,1,25,8,2100,57.5,34.5,0,0,2.3,0.7,35,40,107.4,100
band,E81,KMART,37352,NO,KEY,YES,BENTON,GALLATIN,COATED,COATED,NO,LINE,YES,Motter94,827,9,TABLOID,SCANDANAVIAN,1911,45,42,0.2,14,70,1,20,8,1850,57.5,34.5,0,0,2,0.7,35,40,107.4,100
noband,E72,KMART,37352,NO,KEY,YES,BENTON,GALLATIN,UNCOATED,COATED,NO,LINE,YES,Motter94,827,9,TABLOID,SCANDANAVIAN,1911,50,45,0.3,15,76,1,30,8,2150,57.5,34.5,0,0,2.5,1,35,40,107.4,100
noband,E310,KMART,37352,NO,KEY,YES,BENTON,GALLATIN,UNCOATED,COATED,NO,LINE,YES,Motter94,827,2,TABLOID,SCANDANAVIAN,1911,50,45,0.3,15.2,72,1,25,5.9,2150,58.8,35.3,0,0,2.5,1,35,40,107.4,100
band,X29,WOOLWORTH,37080,NO,KEY,YES,BENTON,GALLATIN,COATED,COATED,NO,LINE,NO,Motter94,828,2,TABLOID,CANADIAN,1911,35,42,NA,15,75,0.75,30,0,2100,58.8,41.2,0,0,2,0.8,30,40,107.4,100
band,X292,AMES,37157,NO,KEY,YES,BENTON,GALLATIN,COATED,COATED,NO,LINE,NO,Motter94,828,2,TABLOID,CANADIAN,1910,30,45,0.233,17,70,0.75,35,0,2200,58.8,41.2,0,0,2.5,1,33,40,106.45,100
noband,J9,KMART,37352,NO,KEY,YES,BENTON,GALLATIN,UNCOATED,COATED,NO,LINE,YES,WoodHoe70,815,2,TABLOID,NorthUS,1911,37.5,44,0.2,16,90,0.75,28,20,2050,45,35,0,0,2.4,0.8,35,40,107.4,100
noband,J582,KMART,37352,NO,KEY,YES,BENTON,GALLATIN,UNCOATED,COATED,NO,LINE,YES,WoodHoe70,815,9,TABLOID,NorthUS,1911,37.5,44,0.2,16.5,91,0.75,30,21.7,2050,43.5,34.8,0,0,2.7,0.8,35,40,107.4,100
noband,X141,TVGUIDE,25507,YES,KEY,YES,BENTON,GALLATIN,UNCOATED,UNCOATED,NO,LINE,YES,Motter94,821,2,TABLOID,NA,1911,45,44,0.267,14.1,78,0.625,22,7.6,1510,54.3,38,0,0,2.5,0.7,34,40,114.28,100
noband,X818,TVGUIDE,25507,YES,KEY,YES,BENTON,GALLATIN,UNCOATED,UNCOATED,NO,LINE,YES,Motter94,821,7,TABLOID,NA,1910,40,44,0.2,14,69,0.625,20,8.5,1510,53.2,38.3,2,0,2.5,0.9,34,40,110,100
band,V376,WOOLWRTH,37080,NO,KEY,YES,BENTON,GALLATIN,COATED,COATED,NO,LINE,NO,Motter94,828,2,TABLOID,NA,1911,40,47,0.333,17,78,0.75,35,0,2400,58.8,41.2,4,0,2.5,1,30,40,100,100
noband,M254,ABBYPRESS,27490,NO,KEY,YES,BENTON,GALLATIN,COATED,COATED,NO,LINE,YES,Motter70,813,1,CATALOG,NA,1911,30,42,0.2,15.4,64,0.875,NA,0,1425,63,37,0,0,1,1.3,34,40,107.4,100
band,R5,TARGET,35811,NO,KEY,YES,BENTON,GALLATIN,COATED,COATED,NO,LINE,YES,WoodHoe70,815,2,SPIEGEL,CANADIAN,1910,45,38,NA,15,80,0.625,30,7,1600,58.1,34.9,0,0,2.5,1.5,30,40,103.22,100
noband,J33,BELKS,35334,YES,KEY,YES,BENTON,GALLATIN,UNCOATED,UNCOATED,NO,LINE,YES,WoodHoe70,816,2,TABLOID,NA,1911,40,43,0.267,16,96,1,28,0,1500,58.8,41.2,2,0,3,0.8,40,40,103.12,100
noband,J43,BELKS,35334,YES,KEY,YES,BENTON,GALLATIN,UNCOATED,UNCOATED,NO,LINE,YES,WoodHoe70,816,9,TABLOID,NorthUS,1911,32.5,43,0.2,15,82,1,31,7.6,1500,54.3,38,4,0,2.5,1,40,40,103.12,100
noband,I357,SEARS,37869,NO,KEY,YES,BENTON,GALLATIN,UNCOATED,COATED,NO,LINE,YES,WoodHoe70,815,9,CATALOG,NorthUS,1911,37.5,44,0.3,15,85,0.75,34,0,1400,62.5,37.5,0,0,2.8,1,28,40,103.12,100
noband,I353,SEARS,37869,NO,KEY,YES,BENTON,GALLATIN,UNCOATED,COATED,NO,LINE,YES,WoodHoe70,815,2,CATALOG,NorthUS,1910,35,44,0.3,16,80,1,32,7,1400,58.1,34.9,0,0,3,1,28,40,103.12,100
noband,M254,ABBYPRESS,27490,NO,KEY,YES,BENTON,GALLATIN,COATED,COATED,NO,LINE,YES,Motter70,813,1,CATALOG,NorthUS,1911,30,42,0.2,15.4,64,0.875,NA,0,1425,61.7,38.3,0,0,1,1.3,34,40,107.4,100
noband,X291,ROSES,35752,NO,KEY,YES,BENTON,GALLATIN,COATED,COATED,NO,LINE,YES,Motter94,824,9,TABLOID,CANADIAN,1910,50,43,0.2,16,82,0.875,30,0,2270,55.6,44.4,12,0,2,1,30,40,103.22,100
noband,X129,ROSES,35752,NO,KEY,YES,BENTON,GALLATIN,COATED,COATED,NO,LINE,YES,Motter94,824,2,TABLOID,CANADIAN,1910,50,43,0.3,16.3,80,0.8125,30,0,2270,55.6,44.4,12,0,1.5,1.5,30,40,103.22,100
noband,X297,JCPENNY,35794,NO,KEY,YES,BENTON,GALLATIN,UNCOATED,COATED,NO,LINE,YES,Motter94,827,2,TABLOID,NorthUS,1911,60,43,0.267,15.8,57,0.75,24,1.2,1480,58.1,40.7,0,0,1.4,1.7,33,40,103.12,100
noband,X146,JCPENNY,35794,NO,KEY,YES,BENTON,GALLATIN,UNCOATED,COATED,NO,LINE,YES,Motter94,827,9,TABLOID,NorthUS,1911,52.5,43,0.233,16.6,58,0.75,20,7.9,1480,56.2,36,0,0,1.7,0.7,33,40,103.12,100
noband,X129,ROSES,35752,NO,KEY,YES,BENTON,GALLATIN,COATED,COATED,NO,LINE,YES,Motter94,824,2,TABLOID,NA,1910,50,43,0.3,17,87,0.8125,35,0,2300,58.8,41.2,0,0,1.3,0.7,30,40,103.22,100
noband,E303,CENPURCH,37441,NO,KEY,YES,BENTON,GALLATIN,COATED,COATED,NO,LINE,YES,Motter94,821,2,TABLOID,CANADIAN,1911,25,38,0.2,13,75,0.625,25,0,1600,57.5,42.5,0,0,2.5,0.85,30,40,103.12,100
noband,E68,CENPURCH,37441,NO,KEY,YES,BENTON,GALLATIN,COATED,COATED,NO,LINE,YES,Motter94,821,7,TABLOID,CANADIAN,1911,25,38,0.233,14,70,0.625,25,0,1600,58.8,41.2,5,0,1.7,0.9,30,40,103.12,100
noband,J42,KMART,37354,NO,KEY,YES,BENTON,GALLATIN,UNCOATED,UNCOATED,NO,LINE,YES,WoodHoe70,816,9,TABLOID,SCANDANAVIAN,1911,40,46,0.333,15.9,78,0.5,34,2.4,2000,61,36.6,0,0,2.4,1.3,35,40,103.22,100
band,X53,BELK,35335,YES,KEY,YES,BENTON,GALLATIN,UNCOATED,UNCOATED,NO,LINE,YES,Motter94,827,2,TABLOID,NorthUS,1911,45,41,0.333,17,78,0.75,16,14.1,1100,50.5,35.4,0,0,2.5,1,50,40,96.97,100
band,X821,BELK,37335,YES,KEY,YES,BENTON,GALLATIN,UNCOATED,UNCOATED,NO,LINE,YES,Motter94,827,2,TABLOID,NorthUS,1911,47.5,41,0.233,16.5,72,0.75,20,14.1,1300,50.5,35.4,4,0,2.5,1,50,40,96.97,100
noband,X118,TOYSRUS,35870,NO,KEY,NO,BENTON,GALLATIN,COATED,COATED,NO,LINE,NO,Motter94,824,2,TABLOID,CANADIAN,1910,40,46,0.2,15,68,0.75,28,0,1700,58.8,41.2,0,0,1,1,33,40,103.22,100
noband,X826,TOYSRUS,35870,NO,KEY,NO,BENTON,GALLATIN,COATED,COATED,NO,LINE,NO,Motter94,824,9,TABLOID,CANADIAN,1911,40,46,0.267,16.5,68,0.875,25,0,1700,58.8,41.2,0,0,1,1,33,40,103.125,100
noband,R23,TARGET,35811,NO,KEY,YES,BENTON,GALLATIN,COATED,COATED,NO,LINE,YES,WoodHoe70,815,9,SPIEGEL,CANADIAN,1911,40,35,0.233,18,85,0.625,30,0,2000,62.5,37.5,0,0,2.5,0.9,30,40,103.125,100
noband,X291,ROSES,35752,NO,KEY,YES,BENTON,GALLATIN,COATED,COATED,NO,LINE,YES,Motter94,824,9,TABLOID,CANADIAN,1910,50,43,0.2,17,84,NA,35,0,2300,55.6,44.4,0,0,2,0.8,30,40,103.22,100
noband,I354,SEARS,37869,NO,KEY,YES,BENTON,GALLATIN,UNCOATED,COATED,NO,LINE,YES,Albert70,802,7,CATALOG,NorthUS,1911,35,38,0.4,12,62,0.75,46,4.7,1400,58.8,36.5,0,0,2,1,28,40,103.125,100
noband,I358,SEARS,37869,NO,KEY,YES,BENTON,GALLATIN,UNCOATED,COATED,NO,LINE,YES,Albert70,802,2,CATALOG,NorthUS,1911,35,38,0.433,16,70,0.75,50,0,1400,62.5,37.5,0,0,2.8,1.5,28,40,103.125,100
band,X760,TVGUIDE,25509,YES,KEY,YES,BENTON,GALLATIN,UNCOATED,UNCOATED,NO,LINE,YES,Motter94,821,7,TABLOID,NorthUS,1911,50,46,0.2,14.6,60,0.625,25,10.5,1750,52.6,36.8,2,0,2.4,0.8,28,40,96.97,100
band,E26,KMART,37386,YES,KEY,YES,BENTON,GALLATIN,UNCOATED,UNCOATED,NO,LINE,YES,Motter94,827,2,TABLOID,SouthUS,1910,40,47,0.333,24.5,78,0.875,30,8.8,2100,54.9,36.3,16,0,2.3,1,40,40,100,100
band,E84,KMART,37386,YES,KEY,YES,BENTON,GALLATIN,UNCOATED,UNCOATED,NO,LINE,NO,Motter94,827,9,TABLOID,SouthUS,NA,40,47,0.35,14.43,76,0.75,16,7.2,2000,51.5,41.2,1,0,2.7,1.4,40,40,100,100
noband,E69,KMART,37386,YES,KEY,YES,BENTON,GALLATIN,UNCOATED,UNCOATED,NO,LINE,YES,Motter94,827,2,TABLOID,SouthUS,1910,40,39,0.233,15,77,0.75,20,9.4,2000,52.1,38.5,0,0,2.5,1,40,40,103.22,100
noband,E77,KMART,37386,YES,KEY,YES,BENTON,GALLATIN,UNCOATED,UNCOATED,NO,LINE,YES,Motter94,827,9,TABLOID,SouthUS,1910,40,39,0.2,15,79,0.75,20,11.8,2000,49,39.2,0,0,2.5,1,40,40,103.22,100
band,E83,KMART,37386,NA,KEY,YES,BENTON,GALLATIN,UNCOATED,UNCOATED,NO,LINE,YES,Motter94,827,2,TABLOID,SouthUS,1911,NA,43,0.267,14.2,68,0.75,18,0,2000,62.5,37.5,0,0,2.5,1.2,40,40,106.45,100
band,E67,KMART,37386,NA,KEY,YES,BENTON,GALLATIN,UNCOATED,UNCOATED,NO,LINE,YES,Motter94,827,2,TABLOID,SouthUS,1910,NA,48,0.233,14,80,0.75,30,0,2000,62.5,37.5,0,0,NA,NA,40,40,109.67,100
band,E83,KMART,27386,NA,KEY,YES,BENTON,GALLATIN,UNCOATED,UNCOATED,NO,LINE,NO,Motter94,827,2,TABLOID,SouthUS,1911,NA,40,0.267,16.4,72,1,26,0,2000,62.5,37.5,0,0,2.5,1,40,40,106.45,100
band,X791,KMART,37386,YES,KEY,YES,BENTON,GALLATIN,UNCOATED,UNCOATED,NO,LINE,YES,Motter94,824,9,TABLOID,SouthUS,1911,40,40,0.35,18.5,85,0.5625,30,0,1900,62.5,37.5,4,0,1.8,1.4,40,40,106.45,100
noband,E90,KMART,37254,NO,KEY,YES,BENTON,GALLATIN,UNCOATED,COATED,NO,LINE,YES,Motter94,821,7,TABLOID,NA,1911,42.5,41,0.3,14,70,0.625,20,2.3,1750,57.5,40,4,0,2.5,0.7,35,40,96.97,100
noband,X271,ECKERD,35457,NO,KEY,YES,BENTON,GALLATIN,COATED,COATED,NO,LINE,YES,Motter94,828,9,TABLOID,CANADIAN,1910,35,39,0.2,16.2,84,1,30,0,2100,62.5,37.5,4,0,2,0.9,30,40,94.117,100
noband,F308,MODMAT,47202,NO,KEY,YES,BENTON,GALLATIN,COATED,UNCOATED,NO,LINE,YES,Motter70,813,9,CATALOG,NorthUS,1910,35,45,0.3,14.1,65,1,NA,0,1500,59.5,40.5,0,0,2.6,1,40,40,109.67,100
noband,T281,MODMAT,47202,NO,KEY,YES,BENTON,GALLATIN,UNCOATED,UNCOATED,NO,XYLOL,YES,Albert70,802,2,CATALOG,NorthUS,1910,50,43,0.333,14.02,68,0.75,56,7.4,1800,53.2,39.4,0,0.5,3,1.3,40,40,109.67,100
noband,F067,MODMAT,47202,NO,KEY,YES,BENTON,GALLATIN,UNCOATED,UNCOATED,NO,LINE,YES,WoodHoe70,816,2,CATALOG,NorthUS,1910,67.5,45,0.2,15.5,80,0.5,34,16.3,1683,43.5,40.2,6,0,2.5,1,40,40,109.67,100
noband,X405,AMES,37163,NO,KEY,YES,BENTON,GALLATIN,COATED,COATED,NO,LINE,YES,Motter94,821,2,TABLOID,CANADIAN,1910,55,37,0.267,16,75,0.625,20,5.6,1850,55.6,38.9,0,0,0.8,0.75,33,40,109.67,100
noband,E91,KMART,37354,NO,KEY,YES,BENTON,GALLATIN,UNCOATED,COATED,NO,LINE,YES,Motter94,821,2,TABLOID,NA,1911,42.5,41,0.2,14,80,0.625,20,7.4,1750,53.2,39.4,0,0,2.1,0.9,35,40,96.97,100
noband,F615,MODMAT,47202,YES,KEY,YES,BENTON,GALLATIN,UNCOATED,UNCOATED,NO,LINE,YES,Motter70,813,1,CATALOG,NorthUS,1910,52.5,45,0.2,15.3,72,0.75,NA,12.4,1600,51.5,36.1,0,0,2.5,1,40,40,109.67,100
noband,F510,MODMAT,47202,NO,KEY,YES,BENTON,GALLATIN,COATED,UNCOATED,NO,LINE,YES,Motter70,813,10,CATALOG,NorthUS,1910,35,45,0.2,15.2,63,1,NA,0,1500,59.5,40.5,0,0,2.3,0.9,40,40,109.67,100
noband,F670,MODMAT,47202,YES,KEY,YES,BENTON,GALLATIN,UNCOATED,UNCOATED,NO,LINE,YES,Motter70,813,5,CATALOG,NorthUS,1910,52.5,45,0.233,16,68,0.75,NA,0,1600,58.8,41.2,4,0,2.3,0.8,40,40,109.67,100
band,E310,KMART,37355,NO,KEY,YES,BENTON,GALLATIN,UNCOATED,COATED,NO,LINE,YES,WoodHoe70,816,9,TABLOID,NA,1910,49,43,0.35,14.5,74,0.75,23,9.1,1900,56.8,34.1,2,0,0.7,0.2,35,40,103.22,100
noband,F670,MODMAT,47202,YES,KEY,YES,BENTON,GALLATIN,UNCOATED,UNCOATED,NO,LINE,YES,Motter70,813,5,CATALOG,NorthUS,1910,52.5,37,0.233,14,73,0.75,NA,9.6,1600,53.2,37.2,0,0,2.3,1,40,40,109.67,100
noband,M402,MODMAT,47202,YES,KEY,YES,BENTON,GALLATIN,UNCOATED,UNCOATED,NO,LINE,YES,Motter70,813,9,CATALOG,NorthUS,1910,52.5,43,0.267,15.1,76,0.5,31,6.6,1650,54.9,38.5,0,0,2.5,1.5,40,40,109.67,100
noband,X18,KMART,37355,NO,KEY,YES,BENTON,GALLATIN,UNCOATED,COATED,NO,LINE,YES,Motter94,828,9,TABLOID,SCANDANAVIAN,1910,40,44,0.2,16.1,78,0.9375,30,5.6,1800,55.6,38.9,0,0,2,1,35,40,103.22,100
noband,F615,MODMAT,47202,YES,KEY,YES,BENTON,GALLATIN,UNCOATED,UNCOATED,NO,LINE,YES,Motter70,813,1,CATALOG,NorthUS,NA,52.5,37,0.2,15,66,0.75,NA,13.3,1600,55.6,42.2,0,0,2.4,0.8,40,40,100,100
noband,F310,KMART,37355,NO,KEY,YES,BENTON,GALLATIN,UNCOATED,COATED,NO,LINE,YES,Motter94,827,2,TABLOID,NA,1910,40,43,0.35,16.5,72,0.625,20,9.1,2000,56.8,34.1,4,0,2.5,0.5,35,40,103.22,100
noband,F72,KMART,37355,NO,KEY,YES,BENTON,GALLATIN,UNCOATED,COATED,NO,LINE,YES,Motter94,827,9,TABLOID,NA,1910,40,43,0.35,16.1,70,0.625,20,11.1,2000,55.6,33.3,4,0,1.8,0.9,35,40,103.22,100
noband,X308,ROSES,35753,NO,KEY,YES,BENTON,GALLATIN,COATED,COATED,NO,LINE,YES,Motter94,824,9,TABLOID,CANADIAN,1910,40,43,0.267,16,80,0.5625,30,5.6,1900,55.6,38.9,0,0,2.2,1.3,30,40,103.22,100
band,X720,TVGUIDE,25513,YES,KEY,YES,BENTON,GALLATIN,UNCOATED,UNCOATED,NO,LINE,YES,Motter94,821,7,TABLOID,NorthUS,1911,45,45,NA,14.7,75,0.625,30,15,1734,50,35,2,0,1.5,0.6,34,40,103.22,100
noband,G404,JCP,38051,NO,KEY,YES,BENTON,GALLATIN,UNCOATED,COATED,NO,LINE,YES,WoodHoe70,816,2,TABLOID,NA,NA,60,49,0.333,14.9,77,0.75,27,0,1650,58.8,41.2,0,0,2.5,0.7,33,40,103.33,100
band,X798,TVGUIDE,25514,YES,KEY,YES,BENTON,GALLATIN,UNCOATED,UNCOATED,NO,LINE,NO,Motter94,821,7,TABLOID,NA,1910,55,49,0.267,12.5,70,0.625,30,5.6,1750,55.6,38.9,0,0,2.5,0.9,34,40,106.66,100
noband,X160,TVGUIDE,25513,YES,KEY,YES,BENTON,GALLATIN,UNCOATED,UNCOATED,NO,LINE,YES,Motter94,821,2,TABLOID,NA,1911,45,45,NA,15.1,75,0.625,20,15,1750,50,35,0,0,1.6,0.9,34,40,103.22,100
noband,G416,JCP,38051,NO,KEY,YES,BENTON,GALLATIN,UNCOATED,COATED,NO,LINE,YES,WoodHoe70,816,9,TABLOID,NA,1910,55,49,0.2,15.6,74,0.75,24,0,1650,58.8,41.2,0,0,2.5,1.7,33,40,103.33,100
noband,X350,KMART,37355,NO,KEY,YES,BENTON,GALLATIN,COATED,COATED,NO,LINE,YES,Motter94,828,2,TABLOID,NA,1911,40,49,0.233,15.3,74,1,34,0,2000,62.5,37.5,0,0,2.2,1,35,40,100,100
noband,X264,KMART,37355,NO,KEY,YES,BENTON,GALLATIN,COATED,COATED,NO,LINE,YES,Motter94,828,9,TABLOID,NA,1911,40,49,0.233,16.8,78,0.9375,30,0,2000,62.5,37.5,0,0,2.4,0.9,35,40,100,100
band,X838,TVGUIDE,25515,YES,KEY,YES,BENTON,GALLATIN,UNCOATED,UNCOATED,NO,LINE,YES,Motter94,821,7,TABLOID,NorthUS,1911,42.5,46,0.3,14,77,0.625,42,15.8,1850,49.5,34.6,8,0,1.5,0.8,34,40,100,100
band,X89,WOOLWORTH,37081,NO,KEY,NO,BENTON,GALLATIN,COATED,COATED,NO,LINE,YES,Motter94,828,1,TABLOID,CANADIAN,1911,35,44,0.2,15.5,100,0.875,30,0,2200,53.2,46.8,0,0,0,0,30,40,100,100
noband,X102,BELK,35534,YES,KEY,YES,BENTON,GALLATIN,UNCOATED,UNCOATED,NO,LINE,NO,Motter94,827,2,TABLOID,NorthUS,1910,42,44,0.3,15,80,1.25,20,16.7,1300,49,34.3,0,0,2.5,0.2,40,40,110,100
noband,X830,BELK,35534,YES,KEY,YES,BENTON,GALLATIN,UNCOATED,UNCOATED,NO,LINE,NO,Motter94,827,9,TABLOID,NorthUS,1910,45,44,0.3,15.5,75,1.25,20,14.1,1300,50.5,35.4,0,0,2.5,1.5,40,40,110,100
noband,X118,ROSES,35754,NO,KEY,YES,BENTON,GALLATIN,COATED,COATED,NO,LINE,YES,Motter94,824,2,TABLOID,CANADIAN,1910,50,43,0.3,16,70,0.8125,30,3.4,2400,56.8,39.8,0,0,2.5,0.8,30,40,103.125,100
noband,X35,ROSES,35754,NO,KEY,YES,BENTON,GALLATIN,COATED,COATED,NO,LINE,YES,Motter94,824,9,TABLOID,CANADIAN,1910,47,43,0.267,16,80,0.5625,30,9.1,2400,50.5,40.4,0,0,2.5,1.1,30,40,103.125,100
noband,X390,COLORTILE,37572,NO,KEY,YES,BENTON,GALLATIN,COATED,COATED,NO,LINE,YES,Motter94,824,2,TABLOID,CANADIAN,1911,35,48,0.233,16,76,0.8125,30,8.9,1900,49.5,41.6,0,0,2.5,1.2,30,40,103.22,100
noband,X754,COLORTILE,37572,NO,KEY,YES,BENTON,GALLATIN,COATED,COATED,NO,LINE,YES,Motter94,824,9,TABLOID,CANADIAN,1911,35,48,0.233,16,86,0.5625,30,16.1,1900,44.6,39.3,0,0,2.5,1.5,30,40,103.22,100
noband,O2,TARGET,35814,NO,KEY,YES,BENTON,GALLATIN,UNCOATED,COATED,NO,LINE,YES,Motter94,827,2,SPIEGEL,CANADIAN,1911,35,43,0.233,14,75,1.25,20,7.6,NA,54.3,38,0,0,2.5,2,33,40,106.66,100
noband,3,TARGET,35814,NO,KEY,YES,BENTON,GALLATIN,UNCOATED,COATED,NO,LINE,YES,Motter94,827,9,SPIEGEL,CANADIAN,1911,37.5,43,0.233,14,80,1.25,20,6.25,NA,52.1,41.7,0,0,3,1.5,33,40,106.66,100
noband,F103,BESTPROD,37822,NO,KEY,YES,BENTON,GALLATIN,UNCOATED,COATED,NO,LINE,YES,Motter70,813,1,CATALOG,NorthUS,1910,40,44,0.2,15,68,0.75,NA,0,1750,58.8,41.2,0,0,2.7,0.7,35,40,103.125,100
noband,S180,BESTPROD,37822,NO,KEY,YES,BENTON,GALLATIN,UNCOATED,COATED,NO,LINE,YES,Motter70,813,5,CATALOG,NorthUS,1910,40,44,0.233,15.5,68,0.75,NA,5.6,1750,55.6,38.9,0,0,1.5,0.5,35,40,103.125,100
band,O8,TARGET,35816,NO,KEY,YES,BENTON,GALLATIN,COATED,COATED,NO,LINE,YES,Motter94,827,2,SPIEGEL,CANADIAN,1910,47.5,68,0.4,14,78,0.75,22,0,1900,62.5,37.5,0,0,2.1,1.7,33,40,103.125,100
band,G608,ECKERD,35458,NO,KEY,YES,BENTON,GALLATIN,COATED,COATED,NO,LINE,NO,WoodHoe70,816,2,TABLOID,CANADIAN,1910,40,60,0.233,15,78,1,28,0,2380,60,40,3,0,2.5,1,30,40,106.66,100
band,F416,MODMAT,47203,YES,KEY,YES,BENTON,GALLATIN,COATED,COATED,NO,LINE,NO,Motter70,813,9,CATALOG,NorthUS,1910,55,55,0.3,16.3,100,1,NA,0,1650,58.8,41.2,0,0,NA,NA,40,40,106.66,100
band,R14,TARGET,35816,NO,KEY,YES,BENTON,GALLATIN,COATED,COATED,NO,LINE,YES,WoodHoe70,815,2,SPIEGEL,CANADIAN,1910,40,55,0.433,15.5,92,0.75,22,9.6,1550,53.2,37.2,1,0,2.9,1.3,33,40,106.66,100
band,R14,TARGET,35816,NO,KEY,YES,BENTON,GALLATIN,COATED,COATED,NO,LINE,YES,WoodHoe70,815,2,SPIEGEL,CANADIAN,1910,40,52,NA,16,86,0.75,26,9.6,1975,53.2,37.2,1,0,2.9,1.3,33,40,100,100
band,X249,GUIDEPOSTS,23055,YES,KEY,YES,BENTON,GALLATIN,UNCOATED,COVER,NO,LINE,YES,Motter94,821,7,TABLOID,NA,1910,42.5,52,0.4,13.9,76,0.625,25,0,1800,50,50,0,0,2.5,0.9,40,40,106.66,100
band,X817,TVGUIDE,25520,YES,KEY,YES,BENTON,GALLATIN,UNCOATED,UNCOATED,NO,LINE,YES,Motter94,821,7,TABLOID,CANADIAN,1910,50,56,0.267,15.2,76,0.625,25,3.4,1760,56.8,39.8,2,0,2.5,0.8,34,40,103.125,100
band,X746,TVGUIDE,25520,YES,KEY,YES,BENTON,GALLATIN,UNCOATED,UNCOATED,NO,LINE,YES,Motter94,821,7,TABLOID,NorthUS,1910,45,57,0.267,14,76,0.75,20,3.4,1800,56.2,40.4,2,0,2,0.8,34,40,103.125,100
noband,X195,TOYSRUS,35982,NO,KEY,NO,BENTON,GALLATIN,COATED,COATED,NO,LINE,NO,Motter94,824,2,TABLOID,CANADIAN,1910,47,67,0.4,16,74,0.8125,38,0,1900,58.8,41.2,2,0,2.5,1.1,33,40,103.125,100
noband,X405,TOYSRUS,35872,NO,KEY,NO,BENTON,GALLATIN,COATED,COATED,NO,LINE,YES,Motter94,824,9,TABLOID,CANADIAN,1910,47,67,0.333,16,82,0.5625,30,1.5,1900,50.5,34.3,0,0,2.5,1.1,33,40,103.125,100
noband,M337,MODMAT,47203,YES,KEY,YES,BENTON,GALLATIN,UNCOATED,UNCOATED,NO,LINE,YES,Motter70,813,5,CATALOG,NorthUS,1910,50,52,0.3,17,69,0.75,NA,0,1700,58.8,41.2,0,0,2.2,0.9,40,40,106.66,100
noband,T32,MODMAT,47203,YES,KEY,YES,BENTON,GALLATIN,UNCOATED,UNCOATED,NO,LINE,NO,Albert70,802,7,CATALOG,NorthUS,1910,50,55,0.233,13.34,74,0.625,NA,4.8,1635,59.5,35.7,1,0,3,2,40,40,100,100
noband,M410,MODMAT,47203,YES,KEY,YES,BENTON,GALLATIN,UNCOATED,UNCOATED,NO,LINE,NO,Albert70,802,2,CATALOG,NorthUS,1910,50,55,0.233,13.86,70,0.625,47,10.2,1635,51,38.8,0,0,3,1,40,40,100,100
noband,E510,MODMAT,47203,YES,KEY,YES,BENTON,GALLATIN,UNCOATED,UNCOATED,NO,LINE,YES,Motter70,813,1,CATALOG,NorthUS,1910,50,52,0.267,15.6,71,0.75,NA,20.6,1700,46.7,32.7,0,0,2.5,0.6,40,40,106.66,100
band,G108,AMES,37168,NO,KEY,YES,BENTON,GALLATIN,COATED,COATED,NO,LINE,YES,WoodHoe70,815,2,TABLOID,CANADIAN,1911,30,63,0.3,13,94,1,29,0,1800,56.2,43.8,0,0,2.5,1,30,40,110,100
band,G145,WARDS,37333,NO,KEY,YES,BENTON,GALLATIN,COATED,COATED,NO,LINE,YES,WoodHoe70,815,2,TABLOID,CANADIAN,1911,50,60,0.267,13.6,86,1.125,28,0,1500,64.1,35.9,0,0,2.5,1,33,40,106.45,100
band,X356,TVGUIDE,25517,YES,KEY,YES,BENTON,GALLATIN,UNCOATED,UNCOATED,NO,LINE,NO,Motter94,821,7,TABLOID,NorthUS,1911,55,53,0.3,14.2,72,0.625,25,22.7,1750,45.5,31.8,1,0,2.4,0.9,34,40,103.125,100
band,G95,WARDS,37333,NO,KEY,YES,BENTON,GALLATIN,COATED,COATED,NO,LINE,NO,WoodHoe70,815,2,TABLOID,CANADIAN,1910,35,56,0.3,15.3,80,0.75,20,0,1900,76.9,23.1,0,0,2.5,1.25,33,40,106.66,100
band,X802,HANHOUSE,37994,YES,KEY,YES,BENTON,GALLATIN,UNCOATED,UNCOATED,NO,LINE,NO,Motter94,821,7,TABLOID,NorthUS,1911,55,56,0.233,15,84,0.625,25,16.7,1850,52.1,31.3,4,0,2,0.6,34,40,103.125,100
band,X779,TVGUIDE,25513,YES,KEY,YES,BENTON,GALLATIN,UNCOATED,UNCOATED,NO,LINE,NO,Motter94,821,7,TABLOID,NorthUS,1910,55,49,0.2,15,78,0.625,20,17.1,1900,47.6,35.2,0,0,2.5,0.85,34,40,106.45,100
noband,T380,MODMAT,47203,YES,KEY,YES,BENTON,GALLATIN,UNCOATED,UNCOATED,NO,LINE,YES,Albert70,802,2,CATALOG,NorthUS,1910,50,50,0.2,15.7,90,0.75,50,0,1420,62.5,37.5,0,0,3,1.35,40,40,106.45,100
noband,F146,MODMAT,47203,YES,KEY,YES,BENTON,GALLATIN,UNCOATED,UNCOATED,NO,LINE,YES,Albert70,802,7,CATALOG,NorthUS,1910,50,50,0.2,15.5,74,0.75,58,4.8,1420,59.5,35.7,3,0,3,1,40,40,106.45,100
noband,X9,TOYSRUS,35871,NO,KEY,NO,BENTON,GALLATIN,COATED,COATED,NO,LINE,YES,Motter94,824,9,TABLOID,CANADIAN,1911,35,56,0.233,16,82,0.5625,28,5.6,2100,56.2,38.2,0,0,1.7,0.4,30,40,103.125,100
noband,X21,TOYSRUS,35871,NO,KEY,NO,BENTON,GALLATIN,COATED,COATED,NO,LINE,YES,Motter94,824,2,TABLOID,CANADIAN,1911,35,56,0.2,15,80,0.8125,40,8.6,2100,53.8,37.6,8,0,1.7,1,30,40,100,100
noband,X220,AMES,37169,NO,KEY,YES,BENTON,GALLATIN,COATED,COATED,NO,LINE,YES,Motter94,824,2,TABLOID,CANADIAN,1911,40,50,0.2,16,68,0.8125,30,0,2400,58.8,41.2,8,0,2.5,1.5,33,40,103.125,100
noband,X147,AMES,47169,NO,KEY,YES,BENTON,GALLATIN,COATED,COATED,NO,LINE,YES,Motter94,824,9,TABLOID,CANADIAN,1911,40,50,0.233,16,70,0.5625,30,0,2400,58.8,41.2,8,0,1.5,0.5,33,40,103.125,100
noband,E92,KMART,32360,NO,KEY,YES,BENTON,GALLATIN,UNCOATED,COATED,NO,LINE,YES,Motter94,827,2,TABLOID,NA,1910,NA,59,0.233,14.2,80,1,20,5.6,NA,55.6,38.9,0,0,2,2.5,33,40,106.45,100
noband,E85,KMART,32360,NO,KEY,YES,BENTON,GALLATIN,UNCOATED,COATED,NO,LINE,YES,Motter94,827,9,TABLOID,NA,1911,37.5,59,0.233,16,75,0.75,20,4.3,NA,54.3,41.3,0,0,2.5,1.5,33,40,106.45,100
noband,F685,BESTPROD,37822,NO,KEY,YES,BENTON,GALLATIN,UNCOATED,COATED,NO,LINE,YES,WoodHoe70,816,9,CATALOG,NorthUS,1911,40,54,0.2,15.8,76,0.5,38,5.6,1736,55.6,38.9,0,0,2.5,1.5,35,40,103.125,100
noband,F569,BESTPROD,37822,NO,KEY,YES,BENTON,GALLATIN,UNCOATED,COVER,NO,LINE,YES,WoodHoe70,816,2,CATALOG,NorthUS,1911,40,54,0.2,15.4,78,0.5,34,5.7,1736,56.8,36.9,0,0,2.5,1.1,35,40,103.125,100
noband,X139,HANHOUSE,37994,YES,KEY,YES,BENTON,GALLATIN,UNCOATED,UNCOATED,NO,LINE,NO,Motter94,821,2,TABLOID,NorthUS,1911,55,45,0.267,15.5,79,0.625,20,16.7,1850,54.3,34.3,4,0,2.5,1,34,40,100,100
band,X12,TVGUIDE,25519,YES,KEY,YES,BENTON,GALLATIN,UNCOATED,UNCOATED,NO,LINE,NO,Motter94,821,7,TABLOID,NorthUS,1910,52,64,0.4,15.5,82,0.625,30,0,1800,71.4,28.6,4,0,2.5,0.9,34,40,103.125,100
band,G518,ECKERD,35458,NO,KEY,YES,BENTON,GALLATIN,COATED,COATED,NO,LINE,NO,WoodHoe70,816,9,TABLOID,CANADIAN,1910,40,56,0.233,16.5,79,0.5,28,0,2300,60.2,39.8,0,0,2.5,1.5,30,40,106.45,100
noband,X116,ECKERD,35460,NO,KEY,YES,BENTON,GALLATIN,COATED,COATED,NO,LINE,YES,Motter94,824,2,TABLOID,CANADIAN,1910,45,54,0.333,15.5,76,0.8125,30,5.6,2250,55.6,38.9,2,0,2.5,1.3,30,40,106.45,100
noband,X818,KMART,37365,NO,KEY,YES,BENTON,GALLATIN,UNCOATED,COATED,NO,LINE,YES,Motter94,828,2,TABLOID,SCANDANAVIAN,1910,47.5,68,0.4,16,80,0.75,30,0,2250,58.8,41.2,0,0,1.5,1,35,40,106.45,100
noband,X346,KMART,37365,NO,KEY,YES,BENTON,GALLATIN,UNCOATED,COATED,NO,LINE,YES,Motter94,828,9,TABLOID,SCANDANAVIAN,1910,47.5,68,0.35,16,80,0.75,30,0,2250,52.1,47.9,0,0,1.5,0.75,35,40,106.45,100
noband,X103,ECKERD,35460,NO,KEY,YES,BENTON,GALLATIN,COATED,COATED,NO,LINE,YES,Motter94,824,9,TABLOID,CANADIAN,1910,45,54,0.367,15.5,74,0.5625,40,10.5,2250,52.6,36.8,2,0,2.5,1.8,30,40,106.45,100
noband,E74,KMART,37365,NO,KEY,YES,BENTON,GALLATIN,UNCOATED,COATED,NO,LINE,NO,Motter94,827,2,TABLOID,CANADIAN,1911,37.5,70,0.333,14.9,64,0.75,28,3.4,1500,57.5,39.1,0,0,2.5,1,40,40,106.89,100
noband,E86,KMART,37365,NO,KEY,YES,BENTON,GALLATIN,UNCOATED,COATED,NO,LINE,YES,Motter94,827,9,TABLOID,CANADIAN,1911,37.5,70,0.4,15,65,0.75,25,5.4,1500,54.3,40.2,0,0,2.3,0.9,40,40,106.66,100
noband,X396,WARDS,37338,NO,KEY,YES,BENTON,GALLATIN,COATED,COATED,NO,LINE,YES,Motter94,824,2,TABLOID,CANADIAN,1911,47.5,60,0.4,14.5,74,0.8125,20,8.6,1600,53.8,37.6,0,0,2,1.5,35,40,110,100
noband,X155,ROSES,37758,NO,KEY,YES,NA,GALLATIN,COATED,COATED,NO,LINE,YES,Motter94,828,9,TABLOID,CANADIAN,1910,40,62,0.3,16,84,0.9375,28,0,2200,58.8,41.2,4,0,2.5,0.6,30,40,106.45,100
noband,X29,ROSES,35758,NO,KEY,YES,BENTON,GALLATIN,COATED,COATED,NO,LINE,YES,Motter94,828,2,TABLOID,CANADIAN,1910,40,62,0.267,16,84,0.9375,32,0,2200,58.8,41.2,4,0,1.4,1,30,40,106.45,100
noband,G518,ECKERD,35458,NO,KEY,YES,BENTON,GALLATIN,COATED,COATED,NO,LINE,YES,WoodHoe70,816,9,TABLOID,CANADIAN,1910,40,64,0.2,15.5,85,1,26,0,2400,58.8,41.2,0,0,2.5,1,30,40,103.125,100
noband,G608,ECKERD,35458,NO,KEY,YES,BENTON,GALLATIN,COATED,COATED,NO,LINE,YES,WoodHoe70,816,2,TABLOID,CANADIAN,1910,40,64,0.233,15,82,0.75,31,0,2400,60,40,3,0,2.5,1,30,40,106.66,100
band,M337,MODMAT,47203,YES,KEY,YES,BENTON,GALLATIN,UNCOATED,UNCOATED,NO,LINE,NO,Albert70,802,7,CATALOG,NorthUS,1910,50,69,0.367,17,82,0.75,50,0,1700,62.5,37.5,0,0,3,1,40,40,106.45,100
noband,X381,WARDS,37338,NO,KEY,YES,BENTON,GALLATIN,COATED,COATED,NO,LINE,NO,Motter94,824,9,TABLOID,CANADIAN,1911,50,60,0.4,16,76,0.5625,28,5.6,1600,55.6,38.9,0,0,1,0.5,35,40,110,100
noband,J582,HILLS,37915,NO,KEY,YES,BENTON,GALLATIN,COATED,COATED,NO,LINE,YES,WoodHoe70,815,2,TABLOID,NA,1910,50,62,0.4,15.4,98,0.75,25,10.6,1750,48.1,41.3,0,0,2.8,1.3,33,40,110,100
noband,J62,HILLS,37915,NO,KEY,YES,BENTON,GALLATIN,COATED,COATED,NO,LINE,YES,WoodHoe70,815,9,TABLOID,NA,1911,50,62,0.4,14.9,96,0.75,26,11,1950,50,39,0,0,2.8,0.8,33,40,110,100
band,F510,MODMAT,47203,YES,KEY,YES,BENTON,GALLATIN,UNCOATED,UNCOATED,NO,LINE,YES,Motter70,813,1,CATALOG,NorthUS,1910,50,68,0.367,13.4,70,NA,NA,20.4,1700,46.3,33.3,0,0,2.5,1,40,40,106.45,100
band,Y216,KMART,37305,NO,KEY,YES,BENTON,GALLATIN,UNCOATED,COATED,NO,LINE,YES,WoodHoe70,815,9,TABLOID,SCANDANAVIAN,1911,35,68,0.4,15.1,90,0.875,30,6,1500,59.5,34.5,1,0,2.5,1,35,40,106.89,100
noband,G089,WARDS,37501,NO,KEY,YES,BENTON,GALLATIN,COATED,COATED,NO,LINE,YES,WoodHoe70,816,2,TABLOID,NA,1910,NA,56,0.3,16.02,84,0.25,30,5.3,2244,52.6,42.1,5,0,3,0.8,30,40,110,100
noband,G572,WARDS,37501,NO,KEY,YES,BENTON,GALLATIN,COATED,COATED,NO,LINE,YES,WoodHoe70,816,9,TABLOID,NA,NA,32.5,56,0.367,15.03,79,0.3125,28,5.3,2244,52.6,42.1,0,0,1.8,0.5,30,40,106.45,100
noband,X390,AMES,37177,NO,KEY,YES,BENTON,GALLATIN,COATED,COATED,NO,LINE,YES,Motter94,828,2,TABLOID,CANADIAN,1910,40,56,0.3,17,82,0.75,30,0,2550,52.6,47.4,0,0,2,1,33,40,103.22,100
noband,X831,WARDS,37177,NO,KEY,YES,BENTON,GALLATIN,COATED,COATED,NO,LINE,YES,Motter94,828,9,TABLOID,CANADIAN,1910,30,56,0.283,17,72,0.75,30,0,2550,52.6,47.4,0,0,2,1,33,40,103.22,100
noband,G78,WARDS,37501,NO,KEY,YES,BENTON,GALLATIN,COATED,COATED,NO,LINE,YES,WoodHoe70,815,2,TABLOID,CANADIAN,1910,30,69,0.3,16,98,0.75,35,0,2050,62.5,37.5,0,0,2.75,1,33,40,100,100
noband,X158,ROSES,35759,NO,KEY,YES,BENTON,GALLATIN,COATED,COATED,NO,LINE,YES,Motter94,827,2,TABLOID,CANADIAN,1910,45,69,0.267,15.6,72,0.75,21,5.6,2426,55.6,38.9,0,0,2.85,1.1,30,40,103.22,100
noband,X804,ROSES,37579,NO,KEY,YES,BENTON,GALLATIN,COATED,COATED,NO,LINE,YES,Motter94,827,9,TABLOID,CANADIAN,1910,45,69,0.267,16.1,76,0.75,22,5.6,2426,55.6,38.9,0,0,2.7,0.7,30,40,103.22,100
noband,G69,WARDS,37501,NO,KEY,YES,BENTON,GALLATIN,COATED,COATED,NO,LINE,NO,WoodHoe70,815,9,TABLOID,CANADIAN,1910,32.5,69,0.2,15.5,94,0.75,30,0.5,2050,52.6,42.1,0,0,2.5,1,33,40,100,100
band,X820,WARDS,37502,NO,KEY,YES,BENTON,GALLATIN,COATED,COATED,NO,LINE,NO,Motter94,824,2,TABLOID,CANADIAN,1910,NA,66,0.2,15,82,0.8125,30,7,1900,58.1,34.9,5,0,2.5,0.9,30,40,103.125,100
band,I343,MASSEY,37938,YES,KEY,YES,BENTON,GALLATIN,UNCOATED,UNCOATED,NO,LINE,NO,WoodHoe70,816,9,CATALOG,NorthUS,1910,45,65,0.3,16.3,78,0.75,32,3.4,1700,56.8,39.8,4,0,2.5,1,34,40,106.45,100
band,R2,SHEPLERS,35528,YES,KEY,YES,BENTON,GALLATIN,UNCOATED,UNCOATED,NO,LINE,YES,WoodHoe70,816,2,SPIEGEL,NorthUS,1910,40,68,0.3,14,88,0.75,32,0,1742,60,40,3,0,2.5,1,40,40,103.125,100
band,X760,WARDS,37199,NO,KEY,YES,BENTON,GALLATIN,UNCOATED,COATED,NO,LINE,YES,Motter94,824,9,TABLOID,CANADIAN,1910,40,64,0.2,16.5,82,0.5625,30,2.3,1900,57.5,40.2,0,0,1.3,0.8,30,40,106.45,100
band,I383,CHILDCRAFT,37003,YES,KEY,YES,BENTON,GALLATIN,UNCOATED,COVER,NO,LINE,YES,WoodHoe70,815,2,CATALOG,NorthUS,1910,40,65,0.267,16.2,79,0.625,30,0,1500,62.5,37.5,4,0,2.5,1,38,40,106.45,100
band,T176,HANOVERHOUSE,37990,YES,KEY,YES,BENTON,GALLATIN,UNCOATED,UNCOATED,NO,LINE,YES,Motter70,813,1,CATALOG,NorthUS,1910,50,66,0.233,16,87,1,NA,11.1,1530,55.6,33.3,0,0,2.5,1,34,40,100,100
band,Y255,KMART,37365,NO,KEY,YES,BENTON,GALLATIN,UNCOATED,COATED,NO,LINE,YES,WoodHoe70,815,9,TABLOID,NorthUS,1911,35,62,0.4,14.5,94,1,35,0,1900,63.3,36.7,0,0,2.5,1,35,40,106.89,100
band,X253,ECKERD,35460,NO,KEY,YES,BENTON,GALLATIN,COATED,COATED,NO,LINE,NO,Motter94,824,2,TABLOID,CANADIAN,1910,40,62,NA,16,80,0.8125,40,0,2250,62.5,37.5,0,0,2.5,0.7,30,40,110,100
band,AA11,KMART,37365,NO,KEY,YES,BENTON,GALLATIN,UNCOATED,COATED,NO,LINE,YES,Motter94,827,9,TABLOID,NorthUS,1910,42.5,58,0.4,15,76,1,20,5.4,2000,54.3,40.2,0,0,2.5,1,35,40,103.33,100
band,M362,MODMAT,47204,YES,KEY,YES,BENTON,GALLATIN,COATED,COATED,NO,LINE,YES,Motter70,813,9,CATALOG,NorthUS,1910,50,64,0.233,18,64,1,NA,0,1300,62.5,37.5,0,0,3,1,40,40,106.45,100
band,F26,MODMAT,47204,YES,KEY,YES,BENTON,GALLATIN,COATED,COATED,NO,LINE,YES,Motter70,813,10,CATALOG,NA,1910,50,64,0.2,16,86,0.75,NA,0,1300,58.8,41.1,0,0,2.5,1,40,40,106.45,100
band,I820,MASSEY,37938,YES,KEY,YES,BENTON,GALLATIN,UNCOATED,UNCOATED,NO,LINE,YES,WoodHoe70,816,2,CATALOG,CANADIAN,1910,60,66,0.2,14.5,85,0.25,NA,0,NA,62.2,37.8,0,0,2.5,1,34,40,106.45,100
noband,X367,WARDS,37505,NO,KEY,YES,BENTON,GALLATIN,COATED,COATED,NO,LINE,NO,Motter94,824,9,TABLOID,CANADIAN,1910,40,64,0.233,15.4,88,0.5625,24,4.4,1835,55.5,40,2,0,2,1.3,30,40,106.45,100
noband,X793,WARDS,37505,NO,KEY,YES,BENTON,GALLATIN,COATED,COATED,NO,LINE,NO,Motter94,824,2,TABLOID,CANADIAN,1910,40,64,0.2,16,76,0.8125,23,4.8,1835,59.5,35.7,3,0,2,0.7,30,40,106.45,100
band,F679,MODMAT,47103,YES,KEY,YES,BENTON,GALLATIN,UNCOATED,UNCOATED,NO,LINE,YES,WoodHoe70,816,9,CATALOG,NorthUS,1910,47.5,63,0.3,16.4,84,0.5,27,20.7,1800,41.3,38,5,0,2.6,0.3,40,33,96.7,100
band,F242,MODMAT,47103,YES,KEY,YES,BENTON,GALLATIN,UNCOATED,UNCOATED,NO,XYLOL,YES,WoodHoe70,816,9,CATALOG,NorthUS,1910,50,50,0.3,14.5,84,0.25,24,20.7,1500,41.3,38,0,0,3,0.6,40,33,103.3,100
band,M260,MODMAT,47103,YES,KEY,YES,BENTON,GALLATIN,UNCOATED,UNCOATED,NO,LINE,YES,Motter70,813,1,CATALOG,NorthUS,1910,50,48,0.233,13,80,1,NA,18.9,1700,47.2,34,0,0,2.7,0.6,40,33,100,100
band,I331,AUSTADS,34402,YES,KEY,YES,BENTON,GALLATIN,UNCOATED,UNCOATED,NO,XYLOL,YES,WoodHoe70,815,9,CATALOG,NorthUS,1911,52,54,0.5,16,82,0.875,22,15.8,900,49.5,34.7,0,0,2.5,1,50,40,96.7,100
noband,O21,TARGET,34545,NO,KEY,YES,BENTON,GALLATIN,COATED,COATED,NO,LINE,NO,Motter94,827,2,SPIEGEL,CANADIAN,1910,40,41,0.233,14,79,0.75,20,0,1530,61.7,38.3,5,0,3.1,1.8,33,33,96.9,100
noband,J68,WARDS,36053,NO,KEY,YES,BENTON,GALLATIN,COATED,COATED,NO,LINE,YES,WoodHoe70,815,9,TABLOID,CANADIAN,1910,45,42,0.233,15,76,0.75,30,0,2220,58.8,41.2,0,0,2.5,1,30,35,100,100
noband,J42,WARDS,36053,NO,KEY,YES,BENTON,GALLATIN,COATED,COATED,NO,LINE,YES,WoodHoe70,815,2,TABLOID,CANADIAN,1910,45,42,0.233,16,84,0.625,28,0,2220,54.3,45.7,0,0,2.5,1,30,35,100,100
noband,F331,NATLWILDLIFE,36859,YES,KEY,YES,BENTON,GALLATIN,UNCOATED,UNCOATED,NO,LINE,YES,Albert70,802,7,CATALOG,NorthUS,1911,55,54,0.267,15,70,0.625,60,3.4,1600,56.8,39.8,0,0,1,0.4,45,40,103.3,100
noband,F571,NATLWILDLIFE,36859,YES,KEY,YES,BENTON,GALLATIN,UNCOATED,COVER,NO,LINE,NO,Albert70,802,2,CATALOG,NorthUS,1911,57.5,54,0.267,15.5,80,0.625,55,0,1600,62.5,37.5,0,0,3,0.5,45,40,103.3,100
noband,M93,MODMAT,47103,NO,KEY,YES,BENTON,GALLATIN,COATED,COATED,NO,LINE,YES,Motter70,813,9,CATALOG,NorthUS,1910,40,54,0.233,15.59,89,1,NA,1.2,1700,58.1,40.7,0,0,2.5,0.6,40,33,103.3,100
noband,G467,ECKERD,34683,NO,KEY,YES,BENTON,GALLATIN,COATED,COATED,NO,LINE,YES,WoodHoe70,815,2,TABLOID,NorthUS,1910,40,38,0.3,16,92,0.625,25,1.1,1900,53.8,45.2,0,0,2.5,1,30,33,100,100
band,F227,JAMESWAY,36648,NO,KEY,YES,BENTON,GALLATIN,UNCOATED,COATED,NO,LINE,YES,WoodHoe70,815,1,CATALOG,CANADIAN,1911,50,60,0.3,14,75,0.625,33,0,2000,65.2,34.8,0,0,0,0,35,40,96.9,100
band,G496,BURDINES,34664,YES,KEY,YES,BENTON,GALLATIN,UNCOATED,UNCOATED,NO,XYLOL,YES,WoodHoe70,816,9,TABLOID,NorthUS,1910,45,49,0.2,16,72,0.375,38,15,1650,50,35,0,0,2.5,0.2,38,33,96.9,100
band,F329,EXXON,36858,YES,KEY,YES,BENTON,GALLATIN,UNCOATED,UNCOATED,NO,LINE,YES,Motter70,813,5,CATALOG,NorthUS,1910,60,43,0.367,15,94,1,NA,9.5,1500,52.6,37.9,0,4,2.5,1,40,35,100,100
band,X203,TVGUIDE,25416,YES,KEY,YES,BENTON,GALLATIN,UNCOATED,UNCOATED,NO,LINE,NO,Motter94,821,7,TABLOID,NorthUS,1911,47.5,41,0.333,18,74,0.5,30,17.7,1900,44.2,38.1,2,0,2.5,1,40,33,100,100
band,T313,EXXON,36858,YES,KEY,YES,BENTON,GALLATIN,UNCOATED,UNCOATED,NO,LINE,YES,Albert70,802,2,CATALOG,NorthUS,1910,47.5,52,0.267,14.3,98,0.75,55,11.7,1600,53.2,35.1,0,0,3,1,40,33,100,100
noband,R4,TARGET,34546,NO,KEY,YES,BENTON,GALLATIN,COATED,COATED,NO,LINE,YES,WoodHoe70,816,9,SPIEGEL,CANADIAN,1911,37.5,54,0.3,14.5,80,1,20,10.9,2400,54.3,34.8,0,0,2.5,0.4,30,40,103.3,100
noband,R15,TARGET,34546,NO,KEY,YES,BENTON,GALLATIN,COATED,COATED,NO,LINE,YES,WoodHoe70,816,2,SPIEGEL,CANADIAN,1911,52.5,54,0.267,14.6,82,NA,32,10.5,2400,52.6,36.8,0,0,2.5,0.5,30,40,100,100
noband,X400,WARDS,36054,NO,KEY,YES,BENTON,GALLATIN,COATED,COATED,NO,LINE,YES,Motter94,827,2,TABLOID,CANADIAN,1910,45,55,0.3,15,75,0.75,25,0,2300,59.8,40.2,0,0,2,2.3,30,33,96.6,100
noband,O6,TARGET,34545,NO,KEY,YES,BENTON,GALLATIN,UNCOATED,COATED,NO,LINE,NO,Motter94,827,9,TABLOID,CANADIAN,1910,40,48,0.3,15,82,1,35,0,1720,59.3,40.7,0,0,1.5,1.5,32,33,100,100
noband,O14,TARGET,34545,NO,KEY,YES,BENTON,GALLATIN,UNCOATED,COATED,NO,LINE,NO,Motter94,827,2,TABLOID,CANADIAN,1910,40,48,0.333,15,75,1,30,0,1720,61.7,38.3,0,0,2.5,3,33,33,103.2,100
band,T244,MODMAT,47103,YES,KEY,YES,BENTON,GALLATIN,UNCOATED,UNCOATED,NO,LINE,NO,Albert70,802,7,CATALOG,NorthUS,1910,50,52,0.2,14,80,0.75,60,4.4,1700,54.9,40.7,0,0,2.5,1,40,33,100,100
noband,M260,MODMAT,47103,YES,KEY,YES,BENTON,GALLATIN,UNCOATED,UNCOATED,NO,LINE,YES,Motter70,813,1,CATALOG,NorthUS,1910,55,54,0.233,13.23,79,1,NA,18.9,1700,47.2,34,0,0,2,0.6,40,33,100,100
noband,T383,MODMAT,47103,NO,KEY,YES,BENTON,GALLATIN,COATED,COATED,NO,LINE,YES,Motter70,813,10,CATALOG,NorthUS,1910,40,54,0.267,14.42,87,1,NA,4.5,1700,56.2,39.3,0,0,2.5,1,40,33,96.8,100
noband,T78,MODMAT,47103,YES,KEY,YES,BENTON,GALLATIN,UNCOATED,UNCOATED,NO,LINE,YES,Albert70,802,2,CATALOG,NorthUS,1910,72.5,54,0.2,14.5,82,0.75,50,2.2,1900,56.7,41.6,0,0,3,0.9,40,33,100,100
noband,M4,MODMAT,47103,YES,KEY,YES,BENTON,GALLATIN,UNCOATED,UNCOATED,NO,LINE,YES,Motter70,813,5,CATALOG,NorthUS,1910,47.5,54,0.2,16.08,69,1,NA,3.3,1700,55.5,41.1,0,0,2.5,0.9,40,30,103.3,100
band,F672,MODMAT,47103,YES,KEY,YES,BENTON,GALLATIN,UNCOATED,UNCOATED,NO,LINE,YES,WoodHoe70,816,2,CATALOG,NorthUS,1910,60,50,0.3,15,72,0.75,30,15.9,1700,44.2,39.8,1,0,3,0.5,40,33,100,100
noband,X776,TOYSRUS,34752,NO,KEY,NO,BENTON,GALLATIN,COATED,COATED,YES,LINE,YES,Motter94,824,9,TABLOID,CANADIAN,1910,50,48,0.333,15.8,70,NA,30,0,1900,58.8,41.2,5,0,2.5,1.2,30,33,100,100
noband,X713,TOYSRUS,34752,NO,KEY,NO,BENTON,GALLATIN,COATED,COATED,NO,LINE,YES,Motter94,824,2,TABLOID,NorthUS,1910,50,48,0.233,15.5,68,0.8125,30,0,1900,57.4,42.6,10,0,1.5,1,30,33,100,100
noband,M432,HOMESHOPPING,36928,NO,KEY,YES,BENTON,GALLATIN,COATED,COATED,NO,LINE,YES,WoodHoe70,815,9,CATALOG,CANADIAN,1910,40,54,0.233,15,80,0.75,28,0,1800,58.8,41.2,0,0,2.5,1.2,30,33,100,100
noband,M257,HOMESHOPPING,36928,NO,KEY,YES,BENTON,GALLATIN,COATED,COATED,NO,LINE,YES,WoodHoe70,815,2,CATALOG,CANADIAN,1910,40,54,0.3,15,88,0.75,28,0,1800,58.8,41.2,0,0,2.5,1.2,30,33,100,100
noband,X138,TVGUIDE,25424,YES,KEY,YES,BENTON,GALLATIN,UNCOATED,UNCOATED,NO,LINE,NO,Motter94,821,7,TABLOID,NorthUS,1911,40,54,0.333,14.1,80,NA,20,24.8,1850,41.3,33.9,3,0,2.5,0.8,40,40,103.3,100
band,F670,NTLWILDLIFE,36859,YES,KeY,YES,BENTON,GALLATIN,UNCOATED,COVER,NO,LINE,NO,Albert70,802,2,CATALOG,NorthUS,NA,50,65,NA,17,100,0.625,52,5.6,1650,55.5,38.9,0,0,3,0.6,45,NA,NA,100
band,X787,HANOVERHOUSE,34093,YES,KEY,YES,BENTON,GALLATIN,UNCOATED,COVER,NO,LINE,NO,Motter94,821,7,TABLOID,NorthUS,1910,52.5,62,0.433,14.5,95,0.75,20,0,1950,58.8,41.2,0,0,2,1,38,35,100,100
band,F590,NATLWILDLIFE,36859,YES,KEY,YES,BENTON,GALLATIN,UNCOATED,UNCOATED,NO,LINE,NO,Albert70,802,2,CATALOG,NorthUS,1910,50,56,0.2,14.3,105,0.75,70,0,1600,55.5,44.5,0,0,3,1,45,35,100,100
noband,F19,JAMESWAY,36649,NO,KEY,YES,BENTON,GALLATIN,COATED,COATED,NO,LINE,NA,Motter70,813,6,CATALOG,SCANDANAVIAN,1911,47.5,62,0.333,15,84,NA,NA,5.6,NA,56.2,38.2,0,0,2.5,1,35,40,96.7,100
noband,F89,JAMESWAY,36649,NO,KEY,YES,BENTON,GALLATIN,COATED,COATED,NO,LINE,NA,Motter70,813,1,CATALOG,SCANDANAVIAN,1911,47.5,62,NA,15,80,NA,NA,5.6,NA,56.2,38.2,0,0,2.5,1,35,40,96.9,100
noband,R17,TARGET,34547,NO,KEY,YES,BENTON,GALLATIN,COATED,COATED,NO,LINE,YES,WoodHoe70,815,9,SPIEGEL,CANADIAN,1910,30,58,0.433,15.9,81,0.625,30,0,2150,62.5,37.5,10,0,2.5,1,30,35,90,100
noband,R29,TARGET,34547,NO,KEY,YES,BENTON,GALLATIN,COATED,COATED,NO,LINE,YES,WoodHoe70,815,2,SPIEGEL,CANADIAN,1910,30,58,0.333,16.3,78,0.625,30,0,2150,58.8,41.2,10,0,2.5,1,30,35,90,100
noband,X423,WARDS,36894,NO,KEY,YES,BENTON,GALLATIN,COATED,COATED,NO,LINE,YES,Motter94,824,2,TABLOID,CANADIAN,1910,30,51,0.3,16,70,0.8125,20,0,2250,58.8,41.2,0,0,1.5,0.6,30,35,103.3,100
noband,X414,WARDS,36894,NO,KEY,YES,BENTON,GALLATIN,COATED,COATED,YES,LINE,YES,Motter94,824,9,TABLOID,CANADIAN,1910,30,51,0.333,16,76,0.875,25,19.1,2250,42.7,38.2,3,0,1.2,0.5,30,35,103.3,100
noband,X84,WARDS,36057,NO,KEY,YES,BENTON,GALLATIN,COATED,COATED,NO,LINE,YES,Motter94,827,9,TABLOID,CANADIAN,1910,30,58,0.467,15,98,0.75,30,0,2300,58.8,41.2,6,0,2.25,1,30,35,100,100
noband,X96,WARDS,36057,NO,KEY,YES,BENTON,GALLATIN,COATED,COATED,NO,LINE,YES,Motter94,827,2,TABLOID,CANADIAN,1910,30,58,0.467,15,96,0.75,30,0,2300,58.8,41.2,6,0,3,0.75,30,35,100,100
noband,G407,CHILDWORLD,36024,YES,KEY,YES,BENTON,GALLATIN,COATED,UNCOATED,NO,LINE,NO,WoodHoe70,815,9,TABLOID,CANADIAN,1910,52.5,54,0.433,16.3,90,0.75,38,0,1800,62.5,38.5,0,0,2.9,1.1,33,35,100,100
noband,G150,CHILDWORLD,36024,YES,KEY,YES,BENTON,GALLATIN,COATED,UNCOATED,NO,LINE,NO,WoodHoe70,815,2,TABLOID,CANADIAN,1910,55.5,54,0.233,15,82,0.75,38,0,1800,58.8,41.2,0,0,2,1,33,35,100,100
noband,X777,TVGUIDE,25424,YES,KeY,YES,BENTON,GALLATIN,UNCOATED,UNCOATED,NO,XYLOL,YES,Motter94,821,2,TABLOID,NorthUS,NA,40,54,NA,14.6,85,NA,20,21.7,1850,43.5,34.8,0,0,2.5,0.8,40,NA,NA,100
noband,B6,DOWNS,34397,YES,KEY,YES,BENTON,GALLATIN,UNCOATED,UNCOATED,NO,LINE,YES,Motter70,813,1,CATALOG,mideuropean,1910,50,53,0.3,16,65,0.75,NA,15.8,1300,49.5,34.7,0,0,2.5,1,28,35,93.5,100
noband,F85,DOWNS,34397,YES,KEY,YES,BENTON,GALLATIN,UNCOATED,UNCOATED,NO,LINE,YES,Motter70,813,6,CATALOG,mideuropean,1910,50,53,0.3,16.5,90,0.75,NA,11.3,1300,51.5,37.1,0,0,2.5,0.7,28,35,100,100
band,I301,GLOBAL,36846,YES,KEY,YES,BENTON,GALLATIN,UNCOATED,COVER,NO,LINE,YES,Albert70,802,7,CATALOG,NorthUS,1910,50,59,0.367,13,92,0.625,49,0,1300,58.8,41.2,0,0,3,1.1,40,35,100,100
noband,F135,CASUALLIVING,38025,YES,KEY,YES,BENTON,GALLATIN,UNCOATED,UNCOATED,NO,LINE,NO,WoodHoe70,815,9,CATALOG,NorthUS,1910,57.5,55,0.333,14,86,0.75,30,13,1700,50,37,0,0,2.9,0.9,34,35,100,100
noband,T178,CASUALLIVING,38025,YES,KEY,YES,BENTON,GALLATIN,UNCOATED,UNCOATED,NO,LINE,NO,WoodHoe70,815,2,CATALOG,NorthUS,1910,55,55,0.3,13,86,0.75,28,13.7,1700,49,37.3,0,0,3,0.8,34,35,100,100
noband,F257,CAMPINGWORLD,36874,NA,KeY,YES,BENTON,GALLATIN,COATED,COATED,NO,LINE,YES,WoodHoe70,815,9,CATALOG,CANADIAN,NA,NA,60,NA,15.5,80,NA,30,13,1750,54.3,32.6,0,0,2.75,1,33,NA,NA,100
noband,F170,CAMPINGWORLD,37874,NA,KeY,YES,BENTON,GALLATIN,COATED,COATED,NO,LINE,YES,WoodHoe70,815,2,CATALOG,CANADIAN,NA,NA,60,NA,15,78,0.625,34,15,1750,50,35,0,0,2.5,1,33,NA,NA,100
band,F77,CHILDCRAFT,36911,YES,KEY,YES,BENTON,GALLATIN,UNCOATED,COVER,NO,LINE,NO,Motter70,813,6,CATALOG,NorthUS,1910,50,59,0.4,15,90,0.75,NA,0,1500,58.8,41.2,0,0,2.5,1,40,35,100,100
band,X95,TVGUIDE,25427,YES,KEY,YES,BENTON,GALLATIN,UNCOATED,UNCOATED,NO,LINE,NO,Motter94,821,7,TABLOID,NorthUS,1910,55,49,0.233,15.6,80,1,30,35.8,1950,41.7,22.5,1,0,2.7,1,40,37,100,100
band,M254,OLDVILLAGESHOP,34092,YES,KEY,YES,BENTON,GALLATIN,UNCOATED,UNCOATED,NO,LINE,YES,WoodHoe70,815,2,CATALOG,NA,1910,65,49,0.333,13.5,82,0.625,30,0,1350,68.2,31.8,1,0,2.5,1,38,37,103.2,100
band,I347,GLOBALEQUP,36846,NO,KEY,YES,BENTON,GALLATIN,UNCOATED,UNCOATED,NO,LINE,NO,Albert70,802,2,CATALOG,NorthUS,1910,65,65,0.4,14,100,0.75,40,7,1200,58.1,34.9,0,0,2.5,1,40,35,100,100
noband,X116,WARDS,36058,NO,KEY,YES,BENTON,GALLATIN,COATED,COATED,NO,LINE,NA,Motter94,824,6,TABLOID,CANADIAN,1911,50,58,0.3,16,NA,0.875,24,0,2200,58.8,41.2,0,0,1.2,0.6,30,42,93.75,100
band,M45,OLDVILLAGESHOP,34092,YES,KEY,YES,BENTON,GALLATIN,UNCOATED,UNCOATED,NO,LINE,NO,WoodHoe70,815,9,CATALOG,NA,1910,65,58,0.4,15,74,0.625,32,0,1800,57.5,42.5,1,0,2.5,1,38,37,103.2,100
noband,X273,WARDS,36058,NO,KEY,YES,BENTON,GALLATIN,COATED,COATED,NO,LINE,NA,Motter94,824,2,TABLOID,CANADIAN,1911,50,58,0.333,15.5,75,0.8125,24,0,2200,58.8,41.2,0,0,1.5,0.6,30,42,100,100
band,J6,YIELDHOUSE,34367,YES,KEY,YES,BENTON,GALLATIN,UNCOATED,UNCOATED,NO,LINE,YES,WoodHoe70,816,9,TABLOID,NorthUS,1911,62.5,47,0.167,17,75,0.75,30,14.3,1700,47.6,38.1,0,0,3,0.5,40,40,96.9,100
noband,X135,AMES,34583,NO,KEY,YES,BENTON,GALLATIN,COATED,COATED,NO,LINE,YES,Motter94,827,9,TABLOID,CANADIAN,1911,40,47,0.2,15,75,0.75,25,0,2100,61.1,38.9,0,0,2.4,1.1,33,40,96.9,100
noband,X151,TVGUIDE,25428,YES,KEY,YES,BENTON,GALLATIN,UNCOATED,UNCOATED,NO,LINE,YES,Motter94,821,2,TABLOID,NorthUS,1911,45,47,0.2,14,80,0.75,20,18,1800,45,37,0,0,2.5,0.8,40,40,96.9,100
band,X750,GUIDEPOSTS,23040,YES,KeY,YES,BENTON,GALLATIN,UNCOATED,UNCOATED,NO,LINE,NO,Motter94,821,7,TABLOID,NA,NA,50,59,0.333,14.5,71,0.625,20,11.1,1650,55.5,33.3,0,0,2.5,1,40,NA,NA,100
band,T245,MASSEY,36784,YES,KEY,YES,BENTON,GALLATIN,UNCOATED,UNCOATED,NO,LINE,YES,WoodHoe70,815,2,CATALOG,NorthUS,1910,60,58,0.333,15.1,93,1,25,0,1650,56.1,33.9,0,0,2.5,1,40,35,100,100
band,F374,MASSEY,36784,YES,KEY,YES,BENTON,GALLATIN,UNCOATED,UNCOATED,NO,LINE,NO,WoodHoe70,815,2,CATALOG,NorthUS,1910,50,58,0.367,13.5,100,0.75,35,0,1750,55.5,44.5,3,0,2.7,0.5,40,35,100,100
noband,B181,MODMAT,47104,YES,KEY,YES,BENTON,GALLATIN,UNCOATED,UNCOATED,NO,LINE,YES,Albert70,802,2,CATALOG,NorthUS,1910,40,56,0.3,16.5,80,NA,45,20.3,1400,44.2,35.5,0,0,3,0.6,40,35,100,100
noband,M332,MODMAT,47104,YES,KEY,YES,BENTON,GALLATIN,UNCOATED,UNCOATED,NO,LINE,YES,Albert70,802,7,CATALOG,NorthUS,1911,30,56,0.433,16,70,NA,60,21.8,1400,45.4,32.8,0,0,3,0.9,40,40,96.8,100
noband,T234,MASSEY,36784,YES,KEY,YES,BENTON,GALLATIN,UNCOATED,UNCOATED,NO,XYLOL,YES,WoodHoe70,815,9,CATALOG,NorthUS,1910,37.5,56,0.3,14,82,0.625,28,0,1700,58.8,41.2,2,0,2.5,0.5,40,35,100,100
noband,M39,MODMAT,47104,YES,KEY,YES,BENTON,GALLATIN,UNCOATED,UNCOATED,NO,XYLOL,YES,Motter70,813,5,CATALOG,NorthUS,1911,50,56,0.333,14.6,74,0.75,NA,7.5,1400,53.8,38.7,0,4,2.4,0.8,40,40,96.8,100
noband,F450,MODMAT,47104,YES,KEY,YES,BENTON,GALLATIN,UNCOATED,UNCOATED,NO,XYLOL,YES,Motter70,813,1,CATALOG,NorthUS,1911,57.5,56,0.5,13.8,73,0.75,NA,4.4,1400,52.7,42.9,0,0,2,0.5,40,40,96.8,100
band,X281,AMES,34583,NO,KEY,YES,BENTON,GALLATIN,COATED,COATED,NO,LINE,YES,Motter94,827,2,TABLOID,CANADIAN,1911,45,55,0.2,14,73,0.75,30,0,2100,61.1,38.9,0,0,2.5,0.8,33,40,96.8,100
noband,X346,HILLS,34714,NO,KEY,YES,BENTON,GALLATIN,COATED,COATED,NO,LINE,YES,Motter94,824,9,TABLOID,CANADIAN,1911,30,56,0.2,14.7,87,0.875,20,0,2150,58.8,41.2,12,0,1.5,0.6,30,40,96.8,100
noband,X235,HILLS,34714,NO,KEY,YES,BENTON,GALLATIN,COATED,COATED,NO,LINE,YES,Motter94,824,2,TABLOID,CANADIAN,1910,40,56,0.333,15.3,86,0.8125,32,0,2150,58.8,41.2,12,0,2.2,0.8,30,35,100,100
noband,B125,MODMAT,47104,YES,KEY,YES,BENTON,GALLATIN,COATED,COATED,NO,LINE,YES,Motter70,813,10,CATALOG,NorthUS,1911,55,56,0.4,15,87,0.75,NA,0,1250,62.5,37.5,0,0,2.5,1,40,40,96.8,100
noband,T280,MODMAT,47104,YES,KEY,YES,BENTON,GALLATIN,COATED,COATED,NO,LINE,YES,Motter70,813,9,CATALOG,NorthUS,1911,55,56,0.4,15,93,0.75,NA,0,1250,62.5,37.5,0,0,2.5,1,40,40,96.8,100
band,T8,REI,36644,YES,KEY,YES,BENTON,GALLATIN,UNCOATED,UNCOATED,NO,XYLOL,NO,WoodHoe70,816,2,CATALOG,NorthUS,1911,60,56,0.3,16,87,0.625,26,10.5,1450,50.5,39,3,0,3,1.3,40,40,93.75,100
noband,F257,REI,36644,YES,KEY,YES,BENTON,GALLATIN,UNCOATED,UNCOATED,NO,LINE,NO,Albert70,802,2,CATALOG,NorthUS,1910,60,53,0.3,18,103,0.625,50,22.1,1600,41,36.9,0,0,3,0.7,40,35,105.2,100
noband,F261,REI,36644,YES,KEY,YES,BENTON,GALLATIN,UNCOATED,UNCOATED,NO,LINE,NO,Albert70,802,7,CATALOG,NorthUS,1910,57.5,53,0.367,14.5,70,0.625,58,20.2,1600,42,37.8,3,0,3,1,40,35,105.2,100
noband,F264,USCAV,35683,YES,KEY,YES,BENTON,GALLATIN,UNCOATED,UNCOATED,NO,LINE,NO,Albert70,802,7,CATALOG,NorthUS,1911,62.5,61,0.3,14,85,0.75,50,3.5,1660,56.8,39.7,2,0,3,1,32,40,93.75,100
noband,F294,USCAV,35683,YES,KEY,YES,BENTON,GALLATIN,UNCOATED,UNCOATED,NO,LINE,NO,Albert70,802,2,CATALOG,NorthUS,1910,65,61,0.367,14.8,80,0.375,45,19.5,1660,42.4,38.1,0,0,3,1,32,35,105.2,100
noband,X232,ECKERDS,34685,NO,KEY,YES,BENTON,GALLATIN,COATED,COATED,NO,LINE,YES,Motter94,828,2,TABLOID,CANADIAN,1911,50,61,0.267,14.2,88,1,29,0,2350,52.6,47.4,NA,0,2.5,1.1,30,40,93.75,100
noband,X750,ECKERDS,34685,NO,KEY,YES,BENTON,GALLATIN,COATED,COATED,NO,LINE,YES,Motter94,828,10,TABLOID,CANADIAN,1910,50,61,0.333,13,72,1,41,0,2350,58.8,41.2,NA,0,2,1,30,35,105.2,100
noband,X351,ROSES,34894,NO,KEY,YES,BENTON,GALLATIN,COATED,COATED,NO,LINE,NO,Motter94,821,2,TABLOID,CANADIAN,1910,45,61,0.4,14,78,0.75,20,25.6,2100,42.7,31.7,0,0,2.5,0.8,30,35,105.2,100
noband,X25,ROSES,34894,NO,KEY,YES,BENTON,GALLATIN,COATED,COATED,NO,LINE,YES,Motter94,821,7,TABLOID,CANADIAN,1910,50,61,0.333,13.1,70,0.75,25,21.7,2100,41.7,36.6,5,0,2.5,0.8,30,35,105.2,100
noband,O7,TARGET,34547,NO,KEY,YES,BENTON,GALLATIN,COATED,COATED,NO,LINE,NA,Motter94,827,2,SPIEGEL,CANADIAN,1910,32.5,54,0.267,15.5,78,1,25,0,1900,58.8,41.2,10,0,2.5,0.5,30,35,93.3,100
noband,O15,TARGET,34547,NO,KEY,YES,BENTON,GALLATIN,COATED,COATED,NO,LINE,NA,Motter94,827,9,SPIEGEL,CANADIAN,1910,32.5,54,0.5,15.5,78,1,25,0,1900,58.8,41.2,10,0,1.4,0.8,30,35,103.2,100
noband,X753,WARDS,36066,NO,KEY,YES,BENTON,GALLATIN,COATED,COATED,NO,LINE,YES,Motter94,827,9,TABLOID,CANADIAN,1911,40,54,0.2,15,72,0.75,35,0,2500,58.5,41.5,0,0,2.1,1.1,30,40,100,100
noband,X823,WARDS,36066,NO,KEY,YES,BENTON,GALLATIN,COATED,COATED,NO,LINE,YES,Motter94,827,2,TABLOID,CANADIAN,1911,40,54,0.367,15,78,0.75,20,0,2500,61.1,38.9,0,0,2.5,0.7,30,40,100,100
noband,X60,WARDS,36066,NO,KEY,YES,BENTON,GALLATIN,COATED,COATED,NO,LINE,YES,Motter94,824,9,TABLOID,CANADIAN,1910,45,54,0.2,15,80,0.8125,20,0,2000,58.8,41.2,0,0,1.5,0.6,33,35,111.1,100
band,J40,WALMART,34493,NA,KEY,YES,BENTON,GALLATIN,COATED,UNCOATED,NO,LINE,NO,WoodHoe70,816,9,TABLOID,NA,1910,NA,51,0.167,16,75,0.5,30,0,1800,58.8,41.2,0,0,2.1,1,30,35,100,100
noband,X153,ROSES,34896,NO,KEY,YES,BENTON,GALLATIN,COATED,COATED,NO,LINE,YES,Motter94,828,2,TABLOID,NorthUS,1910,40,54,0.4,15.2,88,0.875,NA,5.9,2300,49.5,44.6,8,0,2.5,1,33,35,111.1,100
noband,X272,ROSES,34896,NO,KEY,YES,BENTON,GALLATIN,COATED,COATED,NO,LINE,YES,Motter94,828,9,TABLOID,NorthUS,1910,40,54,0.333,14.7,90,0.875,NA,0,2300,52.6,47.4,4,0,3,1.1,33,35,111.1,100
noband,F131,DOWNS,23050,YES,KEY,YES,BENTON,GALLATIN,UNCOATED,UNCOATED,NO,LINE,YES,WoodHoe70,816,2,CATALOG,NorthUS,1910,57.5,54,0.367,16.2,79,0.5,23,19,1500,47.6,33.4,5,0,3,1,32,35,93.3,100
noband,F76,REI,36644,YES,KEY,YES,BENTON,GALLATIN,UNCOATED,UNCOATED,NO,LINE,NO,Albert70,802,2,CATALOG,NorthUS,1910,60,53,0.333,16.5,88,0.75,55,22.1,1550,41,36.9,0,0,3,0.8,40,35,105.1,100
noband,F383,DOWNS,23050,YES,KEY,YES,BENTON,GALLATIN,UNCOATED,UNCOATED,NO,LINE,YES,WoodHoe70,816,9,CATALOG,NorthUS,1910,55,54,0.3,15.8,79,0.5,30,12.4,1500,51.5,36.1,0,0,3,0.5,32,35,93.3,100
noband,F374,REI,36644,YES,KEY,YES,BENTON,GALLATIN,UNCOATED,UNCOATED,NO,LINE,NO,Albert70,802,7,CATALOG,NorthUS,1910,60,53,0.3,14.7,70,0.75,50,20.2,1550,42,37.8,3,0,3,1,40,35,111.1,100
noband,J15,WARDS,36882,NO,KEY,YES,BENTON,GALLATIN,COATED,COATED,NO,LINE,YES,WoodHoe70,816,2,TABLOID,CANADIAN,1910,45,53,0.3,15.2,78,1,NA,13.3,2150,51,35.7,2,0,2.5,1.1,30,35,111.1,100
noband,J38,WARDS,36882,NO,KEY,YES,BENTON,GALLATIN,COATED,COATED,NO,LINE,YES,WoodHoe70,816,9,TABLOID,CANADIAN,1910,35,53,0.267,14.7,80,1,NA,5.5,2150,55.6,38.9,0,0,2.5,0.4,30,35,111.1,100
band,J60,WALMART,34483,NO,KEY,YES,BENTON,GALLATIN,COATED,UNCOATED,NO,LINE,YES,WoodHoe70,816,2,TABLOID,NA,1910,35,55,0.5,15,70,0.5,32,0,1950,58.8,41.2,0,0,2.5,1.3,30,35,100,100
band,J60,WALMART,34493,NO,KEY,YES,BENTON,GALLATIN,COATED,COATED,NO,LINE,NO,WoodHoe70,816,2,TABLOID,NA,1910,35,55,0.233,15,70,0.5,35,0,2000,58.8,41.2,0,0,2.5,1.5,30,35,100,100
noband,J40,WALMART,34493,NA,KEY,YES,BENTON,GALLATIN,COATED,UNCOATED,NO,LINE,NO,WoodHoe70,816,9,TABLOID,NorthUS,1910,NA,54,0.333,17,94,0.25,26,0,1900,56.8,43.2,0,0,2.5,0.9,30,35,100,100
noband,J45,WALMART,34493,NO,KEY,YES,BENTON,GALLATIN,COATED,UNCOATED,NO,LINE,NO,WoodHoe70,816,2,TABLOID,NorthUS,1911,NA,54,0.2,14,80,0.3125,34,3.4,1900,56.8,39.8,0,0,2.5,1.3,30,40,106.7,100
noband,X315,AMES,34585,NO,KEY,YES,NA,GALLATIN,COATED,COATED,NO,LINE,YES,Motter94,828,2,TABLOID,CANADIAN,1910,30,50,0.2,15.6,84,1,NA,0,2400,58.8,41.2,4,0,2.5,0.9,33,35,96.8,100
noband,X766,AMES,34585,NO,KEY,YES,NA,GALLATIN,COATED,COATED,NO,LINE,YES,Motter94,828,9,TABLOID,CANADIAN,1910,30,50,0.333,15.8,92,1,NA,0,2400,58.5,41.2,2,0,3,1.4,33,35,96.8,100
noband,W717,SHEPLERS,36776,YES,KEY,YES,BENTON,GALLATIN,UNCOATED,UNCOATED,NO,XYLOL,YES,Albert70,802,7,CATALOG,NorthUS,1910,45,50,0.2,14.5,70,0.75,42,5.3,1700,52.6,42.1,0,0,3,0.8,40,45,100,100
noband,W516,SHEPLERS,36776,YES,KEY,YES,BENTON,GALLATIN,UNCOATED,UNCOATED,NO,XYLOL,YES,Albert70,802,2,SPIEGEL,NorthUS,1910,40,50,0.267,13.5,75,0.75,45,0,1700,58.8,41.2,0,0,3,0.6,40,35,100,100
noband,X35,TVGUIDE,25433,YES,KEY,YES,BENTON,GALLATIN,UNCOATED,UNCOATED,NO,LINE,YES,Motter94,821,7,TABLOID,NorthUS,1910,50,50,0.2,16.2,75,0.75,25,3.3,1850,54.9,41.8,2,0,2.7,0.9,40,35,100,100
noband,F633,DUNNS,38016,YES,KEY,YES,BENTON,GALLATIN,UNCOATED,UNCOATED,NO,LINE,NO,Albert70,802,7,CATALOG,mideuropean,1910,45,54,0.333,14.8,70,0.75,50,13,1420,54.3,32.6,0,0,3,0.9,28,35,106.9,100
noband,M200,DUNNS,38016,YES,KEY,YES,BENTON,GALLATIN,UNCOATED,UNCOATED,NO,LINE,NO,Albert70,802,2,CATALOG,mideuropean,1910,45,54,0.233,14.3,67,0.75,45,12.3,1420,51.5,36.1,0,0,3,0.6,28,35,106.9,100
noband,R15,TARGET,34549,NO,KEY,YES,BENTON,GALLATIN,COATED,COATED,NO,LINE,NO,WoodHoe70,815,2,SPIEGEL,CANADIAN,1911,45,54,0.267,14,90,0.75,30,0,2000,58.8,41.2,0,0,3,1,33,40,103.3,100
noband,X65,MERVYNS,34175,NO,KEY,YES,BENTON,GALLATIN,COATED,COATED,NO,LINE,NO,Motter94,821,7,TABLOID,NA,1910,30,54,0.233,15.8,68,0.75,25,6.4,2000,53.2,40.4,4,0,2.3,0.8,35,35,106.9,100
noband,X333,WALMART,34493,NO,KEY,YES,BENTON,GALLATIN,COATED,COATED,NO,LINE,YES,Motter94,824,9,TABLOID,NA,1910,30,54,0.5,13.6,70,0.8125,30,0,2000,58.8,41.2,0,0,2.3,0.9,30,35,100,100
noband,X282,MERVYNS,34175,NO,KEY,YES,BENTON,GALLATIN,COATED,COATED,NO,LINE,YES,Motter94,821,2,TABLOID,NA,1910,30,54,0.333,16.8,71,0.75,25,18,2000,45,36.9,0,0,2.5,0.9,35,35,106.9,100
noband,X184,WALMART,34493,NO,KEY,YES,BENTON,GALLATIN,COATED,COATED,NO,LINE,YES,Motter94,824,2,TABLOID,NA,1910,30,54,0.167,14.6,70,0.8125,30,0,2000,58.8,41.2,0,0,1.5,0.6,30,35,106.9,100
noband,R22,TARGET,34549,NO,KEY,YES,BENTON,GALLATIN,COATED,COATED,NO,LINE,YES,WoodHoe70,816,9,SPIEGEL,CANADIAN,1910,45,54,0.167,18,90,0.5,26,8.3,1875,52.1,39.6,0,0,3,1,33,35,106.9,100
noband,R23,TARGET,34549,NO,KEY,YES,BENTON,GALLATIN,COATED,COATED,NO,LINE,YES,WoodHoe70,815,9,SPIEGEL,CANADIAN,1910,45,54,0.367,15,100,0.75,33,2.3,2000,56.8,40.9,0,0,2.75,0.9,33,35,106.9,100
noband,F236,DUNNS,38016,YES,KEY,YES,BENTON,GALLATIN,UNCOATED,UNCOATED,NO,LINE,YES,Motter70,813,1,CATALOG,NA,1910,45,56,0.3,15.5,78,0.75,NA,11.1,1350,55.5,33.3,0,0,2.2,0.9,28,35,100,100
noband,F38,DUNNS,38016,YES,KEY,YES,BENTON,GALLATIN,UNCOATED,UNCOATED,NO,LINE,YES,Motter70,813,5,CATALOG,NA,1911,45,56,0.233,16,64,0.75,NA,11.1,1350,55.5,33.3,0,0,2.5,0.5,28,40,103.3,100
noband,X91,LAZARUS,34154,YES,KEY,YES,BENTON,GALLATIN,UNCOATED,UNCOATED,NO,LINE,NO,Motter94,828,2,TABLOID,NA,1910,45,56,0.333,14.9,85,1,30,17.3,1600,48.1,34.6,0,0,2.8,1,40,35,100,100
noband,X132,LAZARUS,34154,YES,KEY,YES,BENTON,GALLATIN,UNCOATED,UNCOATED,NO,LINE,NO,Motter94,828,10,TABLOID,CANADIAN,1910,30,56,0.367,14.7,83,1,30,10.8,1600,53.8,35.5,0,6,2.6,1.2,40,35,100,100
noband,X377,AMES,34585,NO,KEY,YES,BENTON,GALLATIN,COATED,COATED,NO,LINE,YES,Motter94,828,2,TABLOID,CANADIAN,1910,57.5,57,0.367,15.3,84,1,30,19,2400,47.6,33.3,0,0,3,1,33,40,93.75,100
noband,X129,AMES,34585,NO,KEY,YES,BENTON,GALLATIN,COATED,COATED,NO,LINE,YES,Motter94,828,10,TABLOID,CANADIAN,1910,57.5,57,NA,14.2,78,1,30,10.5,2400,52.6,36.8,0,0,2.5,1,33,40,93.75,100
band,T204,GALLS,38061,YES,KEY,YES,BENTON,GALLATIN,UNCOATED,UNCOATED,NO,XYLOL,NA,WoodHoe70,815,1,SPIEGEL,NorthUS,1911,47.5,49,0.367,15,84,0.75,28,2.2,1600,54.3,43.5,0,0,3,0.9,34,30,108.1,100
noband,X197,TVGUIDE,25437,YES,KEY,YES,BENTON,GALLATIN,UNCOATED,UNCOATED,NO,LINE,NO,Motter94,821,7,TABLOID,NorthUS,1911,57.5,51,0.333,15.2,70,0.625,25,11.1,1850,50.5,38.4,3,0,2.5,0.8,34,30,100,100
noband,X138,TVGUIDE,25437,YES,KEY,YES,BENTON,GALLATIN,UNCOATED,UNCOATED,NO,LINE,NO,Motter94,821,2,TABLOID,NorthUS,1911,57.5,51,0.267,15.6,81,0.75,25,9.8,1850,49,41.2,0,0,2.7,0.6,34,30,100,100
noband,X727,AMES,38013,NO,KEY,YES,BENTON,GALLATIN,UNCOATED,COATED,NO,LINE,YES,Motter94,824,2,TABLOID,NA,1910,40,55,0.533,15.4,80,0.8125,30,10.2,2400,51,38.8,0,0,1.7,0.7,30,45,93.75,100
noband,X60,AMES,38013,NO,KEY,YES,BENTON,GALLATIN,UNCOATED,COATED,NO,LINE,YES,Motter94,824,9,TABLOID,NA,1910,45,55,0.3,16.1,82,0.75,30,0,2400,58.8,41.2,0,0,2,0.8,30,45,93.75,100
noband,F192,COMPETITIVEDGE,34399,YES,KEY,YES,BENTON,GALLATIN,UNCOATED,UNCOATED,NO,LINE,YES,Motter70,813,1,CATALOG,NorthUS,1911,40,54,0.3,15,70,NA,NA,10,NA,50,40,0,0,2.5,0.8,60,30,100,100
noband,M254,COMPETITIVEDGE,34399,YES,KEY,YES,BENTON,GALLATIN,UNCOATED,UNCOATED,NO,LINE,YES,Motter70,813,5,CATALOG,NorthUS,1910,42.5,54,0.3,15,70,NA,NA,13.4,1500,48.1,38.5,2,0,2.5,1,60,45,93.75,100
noband,I353,AUSTADS,34066,YES,KEY,YES,BENTON,GALLATIN,UNCOATED,UNCOATED,NO,LINE,NO,Albert70,802,7,CATALOG,CANADIAN,1910,52.5,55,0.333,14,70,0.625,55,7.9,1600,57.5,34.44,4,0,3,0.8,40,45,93.75,100
noband,I346,AUSTADS,34066,YES,KEY,YES,BENTON,GALLATIN,UNCOATED,UNCOATED,NO,LINE,YES,Albert70,802,2,CATALOG,CANADIAN,1910,52.5,55,0.433,14,80,NA,55,9.9,1600,49.5,40.6,0,0,3,0.5,40,45,93.75,100
band,R6,TARGET,34551,NO,KEY,YES,BENTON,GALLATIN,COATED,COATED,NO,LINE,YES,WoodHoe70,815,1,SPIEGEL,CANADIAN,1910,35,72,0.367,15.2,72,1,36,0,2200,65.2,34.8,0,0,2.5,1,30,40,93.6,90
band,R6,TARGET,34551,NO,KEY,YES,BENTON,GALLATIN,COATED,COATED,NO,LINE,NO,WoodHoe70,815,1,SPIEGEL,CANADIAN,1910,35,56,0.267,15,70,1,33,0,2350,65.2,34.8,0,0,2.5,1,30,40,93.75,90
band,G657,COLORTILE,34749,NO,KeY,YES,BENTON,GALLATIN,COATED,COATED,NO,LINE,NO,WoodHoe70,816,2,TABLOID,CANADIAN,NA,NA,46,NA,16,72,0.5,32,0,1673,58.8,41.2,0,0,2.5,1.5,30,NA,NA,NA
band,R7,TARGET,34551,NO,KEY,YES,BENTON,GALLATIN,COATED,COATED,NO,LINE,NO,WoodHoe70,815,1,SPIEGEL,CANADIAN,1910,40,60,0.2,15.5,73,0.75,28,0,1850,65.2,34.8,0,0,2.8,1,30,40,100,90
noband,F126,MODMAT,47103,YES,KEY,YES,BENTON,GALLATIN,UNCOATED,UNCOATED,NO,LINE,NO,Albert70,802,7,CATALOG,NorthUS,1911,60,50,0.233,14.5,70,0.75,45,15.6,1650,45.8,38.5,2,0,2.5,1,40,40,100,100
noband,F159,MODMAT,47105,YES,KEY,YES,BENTON,GALLATIN,UNCOATED,UNCOATED,NO,LINE,NO,WoodHoe70,816,2,CATALOG,NorthUS,1910,60,50,0.267,14.9,88,0.375,32,10.3,1700,51.5,38.1,5,0,3,1.3,40,40,103.3,100
noband,F337,MODMAT,47103,YES,KEY,YES,BENTON,GALLATIN,UNCOATED,UNCOATED,NO,LINE,NO,Albert70,802,2,CATALOG,NorthUS,1910,60,50,0.3,14.5,60,0.75,40,19,1650,47.6,33.3,0,0,2.5,1,40,40,103.3,100
noband,F679,MODMAT,47105,YES,KEY,YES,UDDEHOLM,GALLATIN,UNCOATED,UNCOATED,NO,LINE,NO,WoodHoe70,816,9,CATALOG,NorthUS,1910,65,50,0.267,15,86,0.25,28,10.5,1700,52.6,36.8,2,0,2.5,0.6,40,40,103.3,100
noband,M103,MODMAT,47105,YES,KEY,YES,BENTON,GALLATIN,UNCOATED,UNCOATED,NO,LINE,YES,Motter70,813,5,CATALOG,NorthUS,1911,55,47,0.367,13,70,NA,NA,14.1,1600,50.5,35.3,0,0,2.5,0.5,40,35,106.25,100
noband,M309,MODMAT,47105,YES,KEY,YES,BENTON,GALLATIN,UNCOATED,UNCOATED,NO,LINE,YES,Motter70,813,1,CATALOG,NorthUS,1911,65,47,0.367,12,68,NA,NA,0,1600,58.8,41.2,0,0,2.8,0.8,40,35,106.25,100
noband,T284,MODMAT,47105,YES,KEY,YES,BENTON,GALLATIN,COATED,COATED,NO,LINE,YES,Motter70,813,10,CATALOG,NorthUS,1911,55,47,0.233,15.5,74,NA,NA,0,1600,62.5,37.5,0,0,2.5,1,40,35,106.25,100
noband,T333,MODMAT,47105,YES,KEY,YES,BENTON,GALLATIN,COATED,COATED,NO,LINE,YES,Motter70,813,9,CATALOG,NorthUS,1910,55,47,0.2,14,71,NA,NA,0,1600,62.5,37.5,0,0,2.5,0.7,40,40,90.3,100
noband,F679,MODMAT,47105,YES,KEY,YES,BENTON,GALLATIN,UNCOATED,UNCOATED,NO,LINE,YES,WoodHoe70,816,9,CATALOG,NorthUS,1910,65,60,0.267,14.5,80,0.25,38,15.8,1900,49.5,34.6,0,0,2.9,0.7,40,40,103.3,100
noband,F159,MODMAT,47105,YES,KEY,YES,BENTON,GALLATIN,UNCOATED,UNCOATED,NO,LINE,YES,WoodHoe70,816,2,CATALOG,NorthUS,1910,60,60,0.267,14,76,0.375,30,10.3,1900,51.5,38.1,5,0,2.6,1.1,40,40,103.3,100
band,R6,TARGET,34551,NO,KEY,YES,BENTON,GALLATIN,COATED,COATED,NO,LINE,NO,WoodHoe70,815,1,SPIEGEL,CANADIAN,1910,40,49,0.267,14,82,0.625,30,0,2150,65.2,34.8,1,0,2.5,0.9,30,40,93.75,90
band,G55,KMART,36197,NO,KEY,YES,BENTON,GALLATIN,UNCOATED,COATED,NO,LINE,NO,WoodHoe70,815,1,TABLOID,NorthUS,1910,55,50,0.133,14,80,0.625,32,8,2000,60,32,0,0,2.5,0.9,35,40,93.55,90
band,G55,KMART,36197,NO,KEY,YES,BENTON,GALLATIN,UNCOATED,COATED,NO,LINE,YES,WoodHoe70,815,1,TABLOID,NorthUS,1910,55,48,0.367,14.5,76,0.5,30,8,2000,60,32,0,0,2.5,1,35,40,93.55,90
band,X753,TVGUIDE,25441,YES,KEY,YES,BENTON,GALLATIN,UNCOATED,UNCOATED,NO,LINE,NO,Motter94,821,7,TABLOID,NorthUS,1910,55,50,0.267,17,89,1,22,10.4,1650,52.1,37.5,0.75,0,2.5,1.1,34,40,93.55,90
band,G150,KMART,36197,NO,KEY,YES,BENTON,GALLATIN,UNCOATED,UNCOATED,NO,LINE,YES,WoodHoe70,816,2,TABLOID,mideuropean,1911,55,50,0.2,17,78,0.25,32,9.7,1900,52.2,38.1,0,0,3,0.9,35,40,96.97,90
noband,X271,TOYSRUS,34754,NO,KEY,NO,BENTON,GALLATIN,COATED,COATED,NO,LINE,YES,Motter94,824,2,TABLOID,CANADIAN,1910,42.5,48,0.2,16,70,0.8125,35,0,2050,66.7,33.3,2,0,1.7,1,30,40,93.55,90
noband,X251,TOYSRUS,34754,NO,KEY,NO,BENTON,GALLATIN,COATED,COATED,NO,LINE,NO,Motter94,824,9,TABLOID,CANADIAN,1910,42.5,48,0.2,15,76,0.875,30,3.6,2050,60.2,36.2,0,0,2.5,1,30,40,93.55,90
noband,X326,WALMART,36578,NO,KEY,YES,BENTON,GALLATIN,COATED,COATED,NO,LINE,NO,Motter94,827,9,TABLOID,mideuropean,1911,35,48,0.233,14.5,76,0.75,20,0,2225,62.5,37.5,4,0,2.7,1.2,33,40,106.25,90
noband,X206,WALMART,36578,NO,KEY,YES,BENTON,GALLATIN,COATED,COATED,NO,LINE,NO,Motter94,827,2,TABLOID,mideuropean,1911,35,48,0.3,14.5,74,0.75,20,0,2225,62.5,37.5,4,0,2,1.2,33,40,106.25,90
noband,R9,TARGET,34551,NO,KEY,YES,BENTON,GALLATIN,COATED,COATED,NO,LINE,YES,WoodHoe70,815,9,SPIEGEL,CANADIAN,1910,30,48,0.233,15,88,0.75,35,7.7,NA,57.7,34.6,0,0,2.8,0.8,30,40,100,90
noband,X820,TVGUIDE,25440,YES,KEY,YES,NA,GALLATIN,UNCOATED,UNCOATED,NO,LINE,NO,Motter94,821,2,TABLOID,NorthUS,1911,47.5,49,0.433,14.5,88,0.625,25,34.5,2000,43.5,22,0,0,2.5,0.7,40,40,96.97,90
noband,F337,MODMAT,47105,YES,KEY,YES,BENTON,GALLATIN,UNCOATED,UNCOATED,NO,LINE,YES,Motter70,813,1,CATALOG,NorthUS,1911,60,48,0.367,14,76,1,NA,5.6,1600,55.6,38.8,0,0,2.5,0.7,40,40,96.97,90
noband,F126,MODMAT,47105,YES,KEY,YES,BENTON,GALLATIN,UNCOATED,UNCOATED,NO,LINE,YES,Motter70,813,5,CATALOG,NorthUS,1911,60,48,0.4,16,72,1,NA,15.2,1600,44.6,40.2,0,4,2.1,0.7,40,40,96.97,90
band,G71,KMART,36197,NO,KEY,YES,BENTON,GALLATIN,UNCOATED,UNCOATED,NO,LINE,NO,WoodHoe70,816,9,TABLOID,NorthUS,1911,47.5,52,0.3,15.2,76,0.75,30,17.5,1700,48.7,33.8,0,0,2.5,0.8,35,40,114.3,100
noband,M74,CASLIVING,38059,YES,KEY,YES,BENTON,GALLATIN,UNCOATED,UNCOATED,NO,LINE,YES,Albert70,802,7,CATALOG,NorthUS,1911,42.5,52,0.333,16.8,80,0.625,40,0,1700,54.3,45.7,3,0,3,1,34,40,107.4,100
band,G67,KMART,36197,NO,KEY,YES,BENTON,GALLATIN,UNCOATED,UNCOATED,NO,LINE,YES,WoodHoe70,815,9,TABLOID,mideuropean,1911,47.5,53,0.3,15,72,0.75,25,22,1500,45.9,32.1,0,0,2.5,0.8,35,40,114.3,100
band,G84,KMART,36197,NO,KEY,YES,BENTON,GALLATIN,UNCOATED,UNCOATED,NO,LINE,YES,WoodHoe70,815,2,TABLOID,mideuropean,1911,47.5,58,0.333,14,85,0.75,28,16.5,1800,48.5,35,0,0,2.5,0.5,35,40,114.3,100
band,G150,KMART,36197,NO,KEY,YES,BENTON,GALLATIN,UNCOATED,UNCOATED,NO,LINE,YES,WoodHoe70,816,2,TABLOID,mideuropean,1910,55,48,0.233,18,76,0.25,24,10,1600,60,30,0,0,3,0.9,35,40,93.55,90
band,X828,BRENDLS,38218,NO,KEY,YES,BENTON,GALLATIN,COATED,COATED,NO,LINE,YES,Motter94,821,7,TABLOID,CANADIAN,1911,30,52,0.333,16.5,80,0.625,40,0,1800,58.1,41.9,1,0,2.5,0.4,35,40,107.4,100
noband,M65,CASLIVING,38059,YES,KEY,YES,BENTON,GALLATIN,UNCOATED,UNCOATED,NO,LINE,NO,Albert70,802,2,CATALOG,NorthUS,1910,42.5,52,0.233,18,70,0.625,45,0,1700,58.8,41.2,0,0,3,0.7,34,40,103.125,100
band,X367,TVGUIDE,25443,YES,KEY,YES,BENTON,GALLATIN,UNCOATED,UNCOATED,NO,LINE,YES,Motter94,821,7,TABLOID,NorthUS,1911,47.5,54,0.3,14,65,0.625,25,16.1,1500,44.6,39.3,4,0,2.5,1,34,40,114.29,100
noband,T178,SERVMERCH,38240,YES,KEY,YES,BENTON,GALLATIN,UNCOATED,UNCOATED,NO,XYLOL,YES,Albert70,802,7,CATALOG,mideuropean,1911,60,46,0.333,NA,80,0.625,50,12.4,1391,51.5,36.1,2,0,2.7,1,38.5,40,114.29,100
noband,T200,SERVMERCH,38240,YES,KEY,YES,BENTON,GALLATIN,UNCOATED,UNCOATED,NO,XYLOL,YES,Albert70,802,2,CATALOG,mideuropean,1911,60,46,0.333,NA,70,0.625,50,19,1391,47.6,33.3,0,0,2.7,0.7,38.5,40,114.29,100
noband,R34,TARGET,34522,NO,KEY,YES,BENTON,GALLATIN,COATED,UNCOATED,NO,LINE,YES,WoodHoe70,816,9,SPIEGEL,NorthUS,1911,35,50,0.3,14,74,0.25,28,0,2500,58.8,41.2,0,0,2.5,0.7,30,40,114.29,100
noband,R15,TARGET,34522,NO,KEY,YES,BENTON,GALLATIN,COATED,UNCOATED,NO,LINE,YES,WoodHoe70,816,2,SPIEGEL,NorthUS,1911,40,50,0.3,13,74,0.25,25,0,2500,58.8,41.2,2,0,2.5,0.5,30,40,114.29,100
noband,X420,AMES,34587,NO,KEY,YES,BENTON,GALLATIN,COATED,COATED,NO,LINE,NO,Motter94,827,2,TABLOID,CANADIAN,1911,30,53,0.333,14,85,0.75,30,15,2290,50,35,0,0,2,1.5,33,40,110.7,100
noband,X389,AMES,34587,NO,KEY,YES,BENTON,GALLATIN,COATED,COATED,NO,LINE,NO,Motter94,827,9,TABLOID,CANADIAN,1911,30,53,0.3,15,80,0.75,30,15,2290,50,35,0,0,2.5,1,33,40,110.7,100
noband,X37,TOYSRUS,34756,NO,KEY,NO,BENTON,GALLATIN,COATED,COATED,NO,LINE,YES,Motter94,824,2,TABLOID,CANADIAN,1911,30,54,0.333,16.3,80,0.8125,30,0,2100,60,40,3,0,2.5,1.2,30,40,114.29,100
noband,X771,TOYSRUS,34756,NO,KEY,NO,BENTON,GALLATIN,COATED,COATED,NO,LINE,YES,Motter94,824,9,TABLOID,CANADIAN,1911,30,54,NA,14.9,72,1.25,30,3.6,2100,60.2,36.1,1.5,0,2.5,1.2,30,40,114.29,100
band,G465,WOOLWRTH,34996,NO,KEY,YES,BENTON,GALLATIN,COATED,COATED,NO,LINE,YES,WoodHoe70,816,9,TABLOID,NA,1910,35,43,0.367,13,75,0.75,NA,0,2000,62.5,37.5,0,0,2.5,1.1,30,40,100,100
band,X185,TVGUIDE,25445,YES,KEY,YES,BENTON,GALLATIN,UNCOATED,UNCOATED,NO,LINE,YES,Motter94,821,7,TABLOID,NorthUS,1910,52.5,43,0.267,15,71,0.75,28,7.4,1500,53.2,39.4,0,0,2.5,1,34,40,98.3,100
band,X199,KMART,36165,YES,KEY,YES,BENTON,GALLATIN,UNCOATED,UNCOATED,NO,LINE,NO,Motter94,828,2,TABLOID,NorthUS,1910,65,43,0.2,16,78,0.75,30,12,2100,46.3,41.7,0,0,2,1,40,40,100,100
noband,X251,KMART,36165,YES,KEY,YES,BENTON,GALLATIN,UNCOATED,UNCOATED,NO,LINE,NO,Motter94,828,9,TABLOID,NorthUS,1910,65,42,0.233,17.5,100,1.125,25,17.5,2250,48.5,34,0,0,2.5,1,40,40,100,100
noband,X199,KMART,36165,YES,KEY,YES,BENTON,GALLATIN,UNCOATED,UNCOATED,NO,LINE,NO,Motter94,828,2,TABLOID,NorthUS,1910,65,42,0.2,17,80,1,22,15,2250,50,35,1,0,2.5,1,40,40,100,100
band,G519,AMES,34588,NO,KEY,YES,BENTON,GALLATIN,COATED,COATED,NO,LINE,YES,WoodHoe70,815,9,TABLOID,CANADIAN,1910,37.5,43,0.2,16,76,0.9375,NA,0,2180,62.5,37.5,2,0,2.9,1.2,33,40,96.77,100
band,G459,WARDS,36059,NA,KeY,YES,BENTON,GALLATIN,COATED,COATED,NO,LINE,YES,WoodHoe70,815,2,TABLOID,CANADIAN,NA,NA,42,NA,16.1,73,0.625,30,0,2000,61.9,38.1,0,0,2.8,1,30,NA,NA,NA
band,G465,WOOLWORTH,34996,NO,KEY,YES,BENTON,GALLATIN,COATED,COATED,NO,LINE,YES,WoodHoe70,816,9,TABLOID,NA,1910,35,43,0.367,13,75,0.75,NA,0,2000,62.5,37.5,0,0,2.5,1.1,30,40,100,100
band,G3,WOOLWORTH,34996,NO,KEY,YES,BENTON,GALLATIN,COATED,COATED,NO,LINE,YES,WoodHoe70,816,9,TABLOID,NA,1910,35,42,0.3,15.9,78,0.375,32,0,2150,62.5,37.5,0,0,1.7,0.9,30,40,101.67,100
band,G98,AMES,34588,NO,KEY,YES,BENTON,GALLATIN,COATED,COATED,NO,LINE,NO,WoodHoe70,815,2,TABLOID,CANADIAN,1910,40,43,0.233,15.5,85,0.75,25,4.7,2000,58.1,37.2,0,0,2.5,1,33,40,96.77,100
band,G625,AMES,34588,NO,KEY,YES,BENTON,GALLATIN,COATED,COATED,NO,LINE,YES,WoodHoe70,815,2,TABLOID,CANADIAN,1910,40,43,0.267,17.2,78,0.9375,NA,1,2180,58.3,40.7,2,0,2.4,0.8,33,40,96.77,100
band,X129,TVGUIDE,25466,YES,KEY,YES,BENTON,GALLATIN,UNCOATED,UNCOATED,NO,LINE,YES,Motter94,821,7,TABLOID,NorthUS,1910,50,43,0.267,17,72,0.625,30,14.3,1600,47.6,38.1,0,0,2.5,1,34,40,96.77,100
band,X243,TVGUIDE,25477,YES,KEY,YES,BENTON,GALLATIN,UNCOATED,UNCOATED,NO,LINE,NO,Motter94,821,7,TABLOID,NorthUS,1911,50,42,0.2,17,73,0.4375,20,18.5,1800,46.3,35.1,2,0,2.5,1,34,40,100,100
noband,T281,MODMAT,47106,YES,KEY,YES,BENTON,GALLATIN,UNCOATED,UNCOATED,NO,LINE,YES,Albert70,802,2,CATALOG,CANADIAN,1910,40,43,0.2,13.5,76,0.75,52,4.4,1726,55,40.6,0,0,3,1,40,40,96.77,100
noband,G81,HILLS,34716,NO,KEY,YES,BENTON,GALLATIN,UNCOATED,COATED,NO,LINE,YES,WoodHoe70,816,9,TABLOID,NorthUS,1910,40,43,0.267,16.4,79,0.3125,35,0.5,2400,59.5,40,0.5,0,2.6,1.1,35,40,96.77,100
band,G81,HILLS,34716,NO,KEY,YES,BENTON,GALLATIN,UNCOATED,COATED,NO,LINE,NO,WoodHoe70,816,9,TABLOID,NorthUS,1910,40,51,0.233,15,70,0.25,24,0.5,0,59.5,40,0,0,3,1,35,40,100,100
band,G462,WOOLWORTH,34997,NO,KEY,YES,BENTON,GALLATIN,COATED,COATED,NO,LINE,NO,WoodHoe70,815,1,TABLOID,CANADIAN,1910,32.5,43,0.2,13,80,0.75,28,0,1500,62.5,37.5,0,0,0,0,30,40,100,100
noband,G108,HILLS,34716,NO,KEY,YES,BENTON,GALLATIN,UNCOATED,COATED,NO,LINE,YES,WoodHoe70,816,2,TABLOID,NorthUS,1910,40,43,0.233,15.6,81,0.5,34,0,2400,62.5,37.5,5,0,NA,0.9,35,40,96.77,100
noband,G640,HILLS,34716,NO,KEY,YES,BENTON,GALLATIN,UNCOATED,COATED,NO,LINE,YES,WoodHoe70,816,7,TABLOID,NorthUS,1910,37.5,43,0.2,15.8,80,0.5,32,0,2400,62.5,37.5,5,0,2.5,0.9,35,40,96.77,100
noband,O28,TARGET,34553,NO,KEY,YES,BENTON,GALLATIN,COATED,COATED,NO,LINE,YES,Motter94,827,2,SPIEGEL,CANADIAN,1910,45,42,0.267,14.9,75,1,25,10.5,1660,52.6,36.9,0,0,2.5,1,30,40,101.67,100
noband,O21,TARGET,34553,NO,KEY,YES,BENTON,GALLATIN,COATED,COATED,NO,LINE,YES,Motter94,827,9,SPIEGEL,CANADIAN,1910,45,42,0.2,14,80,NA,20,7.6,NA,54.3,38.1,0,0,NA,NA,30,40,101.67,100
noband,X127,KMART,36166,NO,KEY,YES,BENTON,GALLATIN,UNCOATED,COATED,NO,LINE,NO,Motter94,828,2,TABLOID,NorthUS,1910,45,43,0.2,16,80,0.75,30,3.1,2200,51,45.9,0,0,2.5,1.3,35,40,103.33,100
noband,X374,KMART,36166,NO,KEY,YES,BENTON,GALLATIN,UNCOATED,COATED,NO,LINE,NO,Motter94,828,9,TABLOID,NorthUS,1910,50,43,0.2,15.5,72,0.75,30,5.1,2200,50.6,44.3,0,0,2.5,1.3,35,40,96.77,100
band,F601,MODMAT,47106,YES,KEY,YES,BENTON,GALLATIN,UNCOATED,UNCOATED,NO,LINE,NO,Albert70,802,7,CATALOG,NorthUS,1910,40,45,0.233,13.6,90,0.75,45,0,1386,62.5,37.5,0,0,3,0.7,40,40,96.77,100
band,F601,MODMAT,47106,YES,KEY,YES,BENTON,GALLATIN,UNCOATED,UNCOATED,NO,LINE,NO,Albert70,802,7,CATALOG,NorthUS,1910,40,42,0.2,15,65,0.75,55,0,1650,62.5,37.5,0,0,2.5,1,40,40,96.77,100
band,X795,BRENDLS,34442,YES,KEY,YES,BENTON,GALLATIN,UNCOATED,UNCOATED,NO,LINE,NO,Motter94,821,7,TABLOID,NorthUS,1910,50,43,0.267,14,74,0.625,20,2.2,1800,56.2,41.6,0,0,3,1,38,40,96.875,100
band,G604,WOOLWORTH,34997,NO,KEY,YES,BENTON,GALLATIN,COATED,COATED,NO,LINE,YES,WoodHoe70,815,9,TABLOID,CANADIAN,1910,50,47,0.2,16.2,74,0.75,28,10.8,2000,53.4,35.8,0,0,2.5,1.3,30,40,100,100
band,G5,WOOLWORTH,34997,NO,KEY,YES,BENTON,GALLATIN,COATED,COATED,NO,LINE,YES,WoodHoe70,815,2,TABLOID,CANADIAN,1910,50,47,0.267,16,92,0.75,35,0,1800,68,32,1,0,2.6,1.2,30,40,100,100
noband,W357,TOYSRUS,34759,NO,KEY,NO,BENTON,GALLATIN,COATED,COATED,NO,LINE,YES,WoodHoe70,816,1,SPIEGEL,CANADIAN,1910,32.5,47,0.267,16.1,88,0.3125,28,0,2189,62.5,37.5,0,0,2.4,0.8,30,40,100,100
noband,W364,TOYSRUS,34759,NO,KEY,NO,BENTON,GALLATIN,COATED,COATED,NO,LINE,YES,WoodHoe70,816,2,SPIEGEL,CANADIAN,1910,32.5,47,0.2,20,79,0.3125,29,0,2189,58.1,41.9,5,0,2.5,1.25,30,40,100,100
noband,G60,JCP,34781,NO,KEY,YES,BENTON,GALLATIN,UNCOATED,COATED,NO,LINE,YES,WoodHoe70,816,2,TABLOID,NorthUS,1910,70,43,0.3,18.1,78,0.5,28,14.4,2125,48.1,37.5,5,0,3,0.9,33,40,100,100
noband,G412,JCP,34781,NO,KEY,YES,BENTON,GALLATIN,UNCOATED,COATED,NO,LINE,YES,WoodHoe70,816,9,TABLOID,NorthUS,1910,70,43,0.233,16,77,0.8175,28,15.9,2125,46.5,37.6,3,0,1.75,0.6,33,40,100,100
noband,W406,TOYSRUS,34759,NO,KEY,NO,BENTON,GALLATIN,COATED,COATED,NO,LINE,YES,WoodHoe70,816,9,SPIEGEL,CANADIAN,1910,40,47,0.2,16.53,78,0.8125,24,0,2189,58.8,41.2,0,0,2,0.8,30,40,100,100
band,G628,WOOLWORTH,34997,NO,KEY,YES,BENTON,GALLATIN,COATED,COATED,NO,LINE,YES,WoodHoe70,815,2,TABLOID,CANADIAN,1910,32.5,45,0.233,14,94,0.625,25,0,1800,66.7,33.3,0,0,2.1,1,30,40,100,100
band,W395,TOYSRUS,34259,NO,KEY,NO,BENTON,GALLATIN,COATED,COATED,NO,LINE,NO,WoodHoe70,815,1,SPIEGEL,CANADIAN,1911,40,47,0.267,15,88,0.5,34,0,1700,62.5,37.5,0,0,0,0,30,40,100,100
band,T281,MODMAT,47106,YES,KEY,YES,BENTON,GALLATIN,UNCOATED,UNCOATED,NO,LINE,YES,Albert70,802,2,CATALOG,NorthUS,1911,40,46,0.3,15,70,0.75,50,0,1800,53.9,46.1,0,0,2.5,1,40,40,100,100
band,F601,MODMAT,47106,YES,KEY,YES,BENTON,GALLATIN,UNCOATED,UNCOATED,NO,LINE,NO,Albert70,802,7,CATALOG,NorthUS,1911,40,50,0.233,14,70,0.75,45,0,1800,60.2,39.8,0,0,2.5,1,40,40,100,100
noband,X760,TVGUIDE,25447,YES,KEY,YES,BENTON,GALLATIN,UNCOATED,UNCOATED,NO,LINE,NO,Motter94,821,2,TABLOID,NorthUS,1911,45,41,0.2,15,78,0.75,20,14.6,1800,48.5,36.9,0,0,2.5,1,34,40,100,100
noband,O1,TARGET,34554,NO,KEY,YES,BENTON,GALLATIN,UNCOATED,COATED,NO,LINE,YES,Motter94,827,2,SPIEGEL,NorthUS,1910,45,42,0.2,14,75,1,20,11.2,1800,51,37.8,8,0,2.5,1,35,40,100,100
noband,O14,TARGET,34554,NO,KEY,YES,BENTON,GALLATIN,UNCOATED,COATED,NO,LINE,YES,Motter94,827,9,SPIEGEL,NorthUS,1911,45,42,0.333,14,75,1,20,0,1800,58.9,41.1,8,0,3,2,35,40,100,100
noband,X770,KMART,36167,NO,KEY,NA,BENTON,GALLATIN,UNCOATED,COATED,NO,LINE,YES,Motter94,828,2,TABLOID,SCANDANAVIAN,1910,45,41,0.333,15.8,78,1,40,0,2300,62.5,37.5,4,0,2.5,1.4,35,40,100,100
noband,X766,KMART,36167,NO,KEY,NA,BENTON,GALLATIN,UNCOATED,COATED,NO,LINE,YES,Motter94,828,9,TABLOID,SCANDANAVIAN,1910,45,41,0.2,14.6,74,1,32,21,2300,47.6,31.4,4,0,2.5,1.1,35,40,96.77,100
noband,X001,TVGUIDE,25450,YES,KEY,YES,BENTON,GALLATIN,UNCOATED,UNCOATED,NO,LINE,YES,Motter94,821,7,TABLOID,NorthUS,1910,45,42,0.4,14.8,72,0.625,20,0,1800,58.8,41.2,0,0,2.5,0.9,34,40,106.25,100
noband,G81,LURIAS,36805,YES,KEY,YES,BENTON,GALLATIN,UNCOATED,UNCOATED,NO,LINE,YES,WoodHoe70,815,9,TABLOID,mideuropean,1910,50,42,0.267,16,88,0.75,33,11.5,1650,52.1,36.4,0,0,2.5,1,38,40,106.25,100
band,G5,LURIAS,36805,YES,KEY,YES,BENTON,GALLATIN,UNCOATED,UNCOATED,NO,LINE,NO,WoodHoe70,815,2,TABLOID,mideuropean,1910,50,42,0.3,17,88,0.75,30,0,1600,62.5,27.5,5,0,2.6,1,38,40,106.25,100
band,G5,LURIAS,36805,YES,KEY,YES,BENTON,GALLATIN,UNCOATED,COVER,NO,LINE,YES,WoodHoe70,815,2,TABLOID,mideuropean,1910,50,42,0.233,15,90,1,35,0,1650,55.5,44.5,0,0,2.5,1,38,40,100,100
noband,X019,TVGUIDE,25450,YES,KEY,YES,BENTON,GALLATIN,UNCOATED,UNCOATED,NO,LINE,YES,Motter94,821,2,TABLOID,NorthUS,NA,50,42,0.367,15.5,73,0.625,20,3.6,1800,60.2,36.2,0,0,2.5,0.9,34,40,106.25,100
band,T351,AUSTADS,38120,YES,KEY,YES,NA,GALLATIN,UNCOATED,COVER,NO,LINE,YES,WoodHoe70,815,2,CATALOG,NorthUS,1910,45,43,0.3,20,84,0.625,33,NA,1200,NA,NA,0,0,2.5,0.5,40,40,106.25,100
band,X304,ECKERDS,34692,NO,KEY,YES,BENTON,GALLATIN,COATED,UNCOATED,NO,LINE,NO,Motter94,824,2,TABLOID,CANADIAN,1910,45,42,0.3,15,70,0.8125,40,0,1500,58.8,41.2,3,0,2,1,30,40,100,100
noband,W30,SHEPLERS,35001,YES,KEY,YES,BENTON,GALLATIN,UNCOATED,UNCOATED,NO,LINE,YES,WoodHoe70,816,9,SPIEGEL,NorthUS,1910,40,42,0.2,12.7,84,0.5,32,0,1750,62.5,37.5,0,0,2.5,0.9,40,40,100,100
noband,X220,GUIDEPOSTS,23048,YES,KEY,YES,BENTON,GALLATIN,UNCOATED,UNCOATED,NO,LINE,YES,Motter94,821,7,TABLOID,NA,1910,40,42,0.333,15.5,64,0.625,20,10.5,1550,52.6,36.9,0,0,2,0.6,40,40,106.25,100
noband,X809,GUIDEPOSTS,23048,YES,KEY,YES,BENTON,GALLATIN,UNCOATED,UNCOATED,NO,LINE,YES,Motter94,821,2,TABLOID,NA,1910,40,42,0.333,16,78,0.625,20,0,1550,62.5,37.5,0,0,2.5,1,40,40,106.25,100
noband,M208,ABBEYPRESS,27490,NO,KEY,YES,BENTON,GALLATIN,UNCOATED,COATED,NO,LINE,NO,Albert70,802,2,CATALOG,NorthUS,1910,32,42,0.233,16,70,0.625,46,0,1350,60.2,39.8,0,0,3,1,34,40,100,100
noband,F466,ABBEYPRESS,27490,NO,KEY,YES,BENTON,GALLATIN,UNCOATED,COATED,NO,LINE,NO,Albert70,802,7,CATALOG,NorthUS,1910,32,42,0.233,16,70,0.625,48,0,1350,63.9,36.1,0,0,3,1,34,40,100,100
band,X295,TVGUIDE,25452,YES,KEY,YES,BENTON,GALLATIN,UNCOATED,UNCOATED,NO,LINE,YES,Motter94,821,7,TABLOID,NorthUS,1910,67.5,50,0.167,16.5,73,0.875,20,18.1,1800,47.6,34.3,0,0,2.5,0.8,34,40,110.71,100
band,I010,AUSTADS,38121,YES,KEY,YES,BENTON,GALLATIN,UNCOATED,UNCOATED,NO,LINE,YES,WoodHoe70,815,9,CATALOG,CANADIAN,1911,45,60,0.3,16,88,0.75,33,0,1500,56.8,43.2,0,0,2.9,1.1,40,40,103.22,100
band,W785,SHEPLERS,35001,YES,KEY,YES,BENTON,GALLATIN,UNCOATED,COVER,NO,LINE,NO,WoodHoe70,816,2,SPIEGEL,NorthUS,1910,42,42,0.267,14.5,78,1,28,0,1800,61.7,38.3,0,0,2.5,2,40,40,100,100
band,I349,AUSTADS,38121,YES,KEY,YES,BENTON,GALLATIN,UNCOATED,COVER,NO,LINE,NO,WoodHoe70,815,2,CATALOG,CANADIAN,1910,45,40,0.3,16,89,0.625,22,0,1300,60,40,1,0,2.5,1,40,40,106.45,100
band,I317,AUSTADS,38121,YES,KEY,YES,BENTON,GALLATIN,UNCOATED,COVER,NO,LINE,NO,WoodHoe70,815,2,CATALOG,CANADIAN,1910,45,42,0.267,14,89,0.75,26,0,1450,58.8,41.2,1,0,2.5,1,40,40,103.22,100
band,F219,DOWNS,35525,YES,KEY,YES,BENTON,GALLATIN,UNCOATED,UNCOATED,NO,LINE,NO,WoodHoe70,815,9,CATALOG,NorthUS,1910,40,54,0.3,14.8,87,NA,29,0,1000,58.8,41.2,0,0,2.9,1,40,40,106.45,100
band,I331,AUSTADS,38121,YES,KEY,YES,BENTON,GALLATIN,UNCOATED,UNCOATED,NO,LINE,NO,WoodHoe70,815,9,CATALOG,CANADIAN,1910,45,42,0.367,16,83,0.625,30,0,1950,58.8,41.2,0,0,2.5,1,40,40,106.45,100
noband,F121,HANOVERHSE,34099,YES,KEY,YES,BENTON,GALLATIN,UNCOATED,UNCOATED,NO,LINE,NO,Albert70,802,2,CATALOG,NorthUS,1910,45,41,0.267,13.3,70,0.75,50,0,1700,60.2,39.8,0,0,3,0.8,38,40,117.85,100
noband,F133,HANOVERHSE,34099,YES,KEY,YES,BENTON,GALLATIN,UNCOATED,UNCOATED,NO,LINE,NO,Albert70,802,7,CATALOG,NorthUS,1910,45,41,0.267,13.3,70,0.75,50,0,1700,63.9,36.1,0,0,3,0.7,38,40,117.85,100
noband,W30,SHEPLERS,35001,YES,KEY,YES,BENTON,GALLATIN,UNCOATED,UNCOATED,NO,LINE,NO,WoodHoe70,816,9,SPIEGEL,NorthUS,NA,35,42,0.2,15.5,80,1,26,0,1800,62.5,37.5,3,0,2.5,2,40,40,100,100
noband,X837,TVGUIDE,25452,YES,KEY,YES,BENTON,GALLATIN,UNCOATED,UNCOATED,NO,LINE,YES,Motter94,821,2,TABLOID,NorthUS,1910,65,50,0.2,15.1,75,0.625,20,19,1800,47.6,33.4,0,0,2.7,0.6,34,40,110.71,100
noband,X819,TVGUIDE,25451,YES,KEY,YES,BENTON,GALLATIN,UNCOATED,UNCOATED,NO,LINE,YES,Motter94,821,7,TABLOID,NorthUS,1910,55,40,0.3,15.1,69,0.625,20,19.5,1450,44.2,36.3,0,0,2.5,0.9,34,40,106.45,100
band,B125,MODMAT,48201,YES,KEY,YES,BENTON,GALLATIN,UNCOATED,UNCOATED,NO,LINE,YES,WoodHoe70,815,2,CATALOG,NorthUS,1911,62,52,0.433,15,78,0.75,28,5.9,1400,58.8,35.3,4,0,2.5,0.8,40,40,103.22,100
band,R32,TARGET,34556,NO,KEY,YES,BENTON,GALLATIN,COATED,COATED,NO,LINE,YES,WoodHoe70,816,2,SPIEGEL,CANADIAN,1910,37.5,42,0.2,16,70,0.375,28,0,2400,58.8,41.2,3,0,3,0.8,30,40,106.45,100
band,F372,DOWNS,35525,YES,KEY,YES,BENTON,GALLATIN,UNCOATED,UNCOATED,NO,LINE,YES,WoodHoe70,815,2,CATALOG,NorthUS,1910,40,54,0.267,22.2,77,0.625,32,6.25,1000,56.25,37.5,0,0,3,1.2,40,40,106.45,100
noband,R1,TARGET,34556,NO,KEY,YES,BENTON,GALLATIN,COATED,COATED,NO,LINE,YES,WoodHoe70,816,9,SPIEGEL,CANADIAN,1910,37.5,40,0.2,14,80,0.25,24,0,2400,58.8,41.2,2,0,2.5,0.8,30,40,106.45,100
noband,R3,TARGET,34556,NO,KEY,YES,BENTON,GALLATIN,COATED,COATED,NO,LINE,YES,WoodHoe70,816,2,SPIEGEL,CANADIAN,1910,37.5,50,NA,15.5,95,0.625,26,0,2350,62.5,37.5,1,0,2.6,0.6,30,40,106.45,100
noband,R9,TARGET,34556,NO,KEY,YES,BENTON,GALLATIN,COATED,COATED,NO,LINE,YES,WoodHoe70,816,2,SPIEGEL,CANADIAN,1910,37.5,41,NA,15,80,0.5,30,0,2398,58.8,41.2,9,0,2.5,0.7,30,40,106.45,100
noband,X342,AMES,34590,NO,KEY,YES,BENTON,GALLATIN,COATED,COATED,NO,LINE,YES,Motter94,827,9,TABLOID,CANADIAN,1910,50,40,0.3,15,72,0.75,30,0,2233,58.8,41.2,8,0,1.5,1,33,40,106.45,100
noband,X242,AMES,34590,NO,KEY,YES,BENTON,GALLATIN,COATED,COATED,NO,LINE,YES,Motter94,827,2,TABLOID,CANADIAN,1910,50,40,0.233,15,88,0.75,30,0,2233,58.8,41.2,8,0,3,1,33,40,106.45,100
noband,X221,ECKERDS,34693,NO,KEY,YES,BENTON,GALLATIN,COATED,COATED,NO,LINE,YES,Motter94,828,2,TABLOID,CANADIAN,NA,45,41,0.2,16.1,74,1,30,0,1800,62.5,37.5,1,0,2.5,1.2,30,40,106.45,100
noband,X108,ECKERDS,34693,NO,KEY,YES,BENTON,GALLATIN,COATED,COATED,NO,LINE,YES,Motter94,828,9,TABLOID,CANADIAN,1910,50,41,0.2,15.7,80,1,43,0,1800,62.5,37.5,1,0,2.5,1.5,30,40,106.45,100
noband,X80,ECKERDS,34694,NO,KEY,YES,BENTON,GALLATIN,COATED,COATED,NO,LINE,YES,Motter94,824,2,TABLOID,CANADIAN,1910,30,41,0.333,15.5,74,0.8125,30,2.5,1900,58,39.5,4.5,0,1.9,1.3,30,40,114.28,100
noband,F482,DOWNS,35525,YES,KEY,YES,BENTON,GALLATIN,UNCOATED,UNCOATED,NO,LINE,YES,WoodHoe70,815,2,CATALOG,NorthUS,1910,40,41,0.267,15.5,76,0.75,28,3.6,1750,60.2,36.1,4,0,3,1,40,40,117.85,100
band,X388,TVGUIDE,25502,YES,KEY,YES,BENTON,GALLATIN,UNCOATED,UNCOATED,NO,LINE,YES,Motter94,821,2,TABLOID,NorthUS,1911,52,52,0.267,16,78,0.75,30,14.1,1250,50.5,53.4,0,0,3,0.9,34,40,103.22,100
band,I309,CHILDCRAFT,37001,YES,KEY,YES,BENTON,GALLATIN,UNCOATED,UNCOATED,NO,LINE,NO,Albert70,802,7,CATALOG,NA,1911,45,62,0.233,15,76,0.75,50,0,1500,58.8,41.2,0,0,3,1.2,38,40,103.225,100
band,X381,ECKERDS,35462,NO,KEY,YES,BENTON,GALLATIN,COATED,COATED,NO,LINE,NO,Motter94,824,2,TABLOID,NA,NA,40,58,0.2,17,75,0.05625,30,0,1900,58.8,41.2,0,0,2.6,1.4,30,40,103.225,100
noband,I303,CHILDCRAFT,37001,YES,KEY,YES,BENTON,GALLATIN,UNCOATED,UNCOATED,NO,LINE,YES,Albert70,802,7,CATALOG,NA,1910,60,60,0.233,15,80,0.75,56,14.3,1380,47.6,38.1,0,0,3,1,38,40,106.4,100
noband,T368,ABBEY,24780,NO,KEY,YES,BENTON,GALLATIN,UNCOATED,COATED,NO,LINE,YES,WoodHoe70,816,9,CATALOG,NA,1911,47.5,65,0.2,14,80,0.5,27,11.5,1725,52.1,36.4,3,0,3,0.9,34,40,103.125,100
noband,Y270,KMART,37371,NO,KEY,YES,BENTON,GALLATIN,UNCOATED,COATED,NO,LINE,NO,WoodHoe70,816,2,TABLOID,NA,1910,40,58,0.2,15.5,84,0.375,25,9,2000,52.8,38.2,5,0,3,1.1,35,40,103.125,100
noband,Y228,KMART,37371,NO,KEY,YES,BENTON,GALLATIN,UNCOATED,COATED,NO,LINE,YES,WoodHoe70,816,9,TABLOID,NA,1910,40,58,0.267,15,80,0.1875,NA,3.2,2000,53.8,43,0,0,2.5,1,35,40,103.125,100
noband,M254,ABBEY,24780,NO,KEY,YES,BENTON,GALLATIN,UNCOATED,COATED,NO,LINE,YES,WoodHoe70,816,2,CATALOG,NA,1911,47.5,65,0.2,15.7,87,0.25,NA,5.6,1725,55.6,38.9,3,0,3,0.85,34,40,103.125,100
noband,R15,TARGET,88231,NO,KEY,YES,BENTON,GALLATIN,COATED,COATED,NO,LINE,YES,WoodHoe70,816,9,SPIEGEL,NA,1910,40,62,0.2,13.7,91,0.375,32,5.6,2300,55.6,38.9,2,0,2.5,1,33,40,100,100
noband,R43,TARGET,88231,NO,KEY,YES,BENTON,GALLATIN,COATED,COATED,NO,LINE,YES,WoodHoe70,816,2,SPIEGEL,NA,1910,40,62,0.2,14.9,80,0.5,28,3.4,2303,56.8,39.8,2,0,2.5,0.6,33,40,100,100
noband,X742,AMES,37182,NO,KEY,YES,BENTON,GALLATIN,COATED,COATED,NO,LINE,YES,Motter94,821,2,TABLOID,NA,1911,45,58,0.2,15,75,0.625,20,10.5,2100,52.6,36.8,0,0,2.5,0.7,33,40,103.125,100
noband,X823,AMES,37182,NO,KEY,YES,BENTON,GALLATIN,COATED,COATED,NO,LINE,YES,Motter94,821,7,TABLOID,NA,1911,45,58,0.2,15,72,0.625,25,10.5,2100,52.6,36.8,5,0,2.5,0.8,33,40,103.125,100
noband,X197,TVGUIDE,25530,YES,KEY,YES,BENTON,GALLATIN,UNCOATED,UNCOATED,NO,LINE,YES,Motter94,821,7,TABLOID,NA,1910,42,58,0.233,16,78,0.5,25,0,1800,58.8,41.2,5,0,2.5,1,34,40,103.125,100
noband,F25,BESTPROD,37970,NO,KEY,YES,BENTON,GALLATIN,UNCOATED,COATED,NO,LINE,YES,Albert70,802,2,CATALOG,NA,1910,27.5,41,0.267,17.58,80,0.75,50,3.4,1490,56.8,39.8,0,0,3,1,35,40,103.125,100
noband,F169,BESTPROD,37970,NO,KEY,YES,BENTON,GALLATIN,UNCOATED,COATED,NO,LINE,YES,Albert70,802,7,CATALOG,NA,1911,35,41,0.267,16.66,78,0.75,50,7.6,1490,54.3,38,0,0,3,1,35,40,106.7,100
noband,I325,CHILDCRAFT,37001,YES,KEY,YES,BENTON,GALLATIN,UNCOATED,UNCOATED,NO,LINE,YES,Albert70,802,2,CATALOG,NA,1910,60,60,0.2,15,80,0.75,50,10.4,1380,47.2,42.5,0,0,3,1,38,40,106.5,100
noband,F629,ABBEY,24780,NO,KEY,YES,BENTON,GALLATIN,UNCOATED,COATED,NO,LINE,YES,Albert70,802,2,CATALOG,NA,1910,40,60,0.2,15,80,0.625,50,0,1400,58.8,41.2,0,0,3,0.6,34,40,103.1,100
noband,F321,ABBEY,24780,NA,KEY,YES,BENTON,GALLATIN,UNCOATED,COATED,NO,LINE,YES,Albert70,802,7,CATALOG,NA,1910,NA,60,0.2,15,80,0.625,50,6.6,1400,54.9,38.5,6,0,3,1.1,34,40,103.1,100
noband,R18,SHEPLERS,35529,YES,KEY,YES,BENTON,GALLATIN,UNCOATED,UNCOATED,NO,LINE,YES,Albert70,802,2,SPIEGEL,NA,1910,45,58,0.2,17,72,0.75,NA,3.2,1470,53.8,43,0,0,3,1,34,40,100,100
noband,X408,TOYSRUS,35874,NO,KEY,NO,BENTON,GALLATIN,COATED,COATED,NO,LINE,NO,Motter94,824,2,TABLOID,NA,1910,40,62,0.3,16.1,82,0.812,30,5.7,1800,56.8,37.5,10,0,0.7,0.5,30,40,106.5,100
noband,X264,TOYSRUS,35874,NO,KEY,NO,BENTON,GALLATIN,COATED,COATED,NO,LINE,NO,Motter94,824,9,TABLOID,NA,1911,40,62,0.233,16.1,78,0.5625,25,5.5,1800,55,39.5,0,0,1.6,1.5,30,40,103.23,100
noband,X201,WARDS,37508,NO,KEY,YES,BENTON,GALLATIN,COATED,COATED,NO,LINE,YES,Motter94,824,9,TABLOID,NA,1910,45,57,0.233,15,88,0.5625,30,10.4,1900,52.1,37.5,0,0,2.5,1.8,30,40,100,100
noband,X57,WARDS,37513,NO,KEY,YES,BENTON,GALLATIN,COATED,COATED,NO,LINE,YES,Motter94,824,2,TABLOID,NA,1911,40,59,0.3,16.4,85,0.8125,30,0,1900,58.8,41.2,10,0,2,0.8,30,40,96.88,100
noband,X799,ROSES,35761,NO,KEY,YES,BENTON,GALLATIN,COATED,COATED,NO,LINE,YES,Motter94,828,2,TABLOID,NA,1910,35,59,0.2,16.1,82,NA,28,0,2500,58.8,41.2,0,0,2.5,1.3,30,40,100,100
noband,X753,ROSES,35761,NO,KEY,YES,BENTON,GALLATIN,COATED,COATED,NO,LINE,YES,Motter94,828,9,TABLOID,NA,1910,35,59,0.2,16.1,84,NA,30,0,2500,55,45,0,0,2.5,1.1,30,40,100,100
band,W90,GURNEY,37018,NO,KEY,YES,BENTON,GALLATIN,COATED,COATED,NO,LINE,YES,WoodHoe70,816,2,SPIEGEL,NA,1911,42.5,47,0.2,16.2,78,0.75,30,0,2100,56.2,43.8,0,0,2.5,1.2,33,40,110,100
band,T365,ADCO,39200,YES,KEY,YES,BENTON,GALLATIN,UNCOATED,UNCOATED,NO,LINE,NO,WoodHoe70,815,2,CATALOG,NA,1910,40,68,0.2,14.8,90,1,30,0,1440,58.8,41.2,0,0,2.5,1,40,40,103.13,100
band,Y270,KMART,37371,NO,KEY,YES,BENTON,GALLATIN,UNCOATED,COATED,NO,LINE,YES,WoodHoe70,816,2,TABLOID,NA,1910,40,60,0.2,15,85,1,25,6.9,2100,54,39.1,0,0,2.5,1.2,35,40,103.13,100
band,T117,HANOVERHOUSE,39027,YES,KEY,YES,BENTON,GALLATIN,UNCOATED,UNCOATED,NO,LINE,YES,WoodHoe70,816,2,CATALOG,NA,1911,50,65,NA,16,80,0.5,28,12.5,1550,50,37.5,0,0,2.5,1.5,34,40,106.45,100
band,T312,HANOVERHOUSE,39027,YES,KEY,YES,BENTON,GALLATIN,UNCOATED,UNCOATED,NO,LINE,NO,WoodHoe70,816,9,CATALOG,NA,1910,50,60,0.267,16,78,0.5,28,4.5,1520,53,42,0,0,2.5,1.5,34,40,106.2,100
band,G48,AMES,37189,NO,KEY,YES,BENTON,GALLATIN,COATED,COATED,NO,LINE,YES,WoodHoe70,815,2,TABLOID,NA,1910,40,63,0.233,15.8,80,0.75,30,10.5,2000,52.6,36.9,0,0,3,1,33,40,109.7,100
band,T195,WARDS,37510,NO,KEY,YES,BENTON,GALLATIN,COATED,COATED,NO,LINE,YES,WoodHoe70,815,9,CATALOG,NA,1910,40,60,0.2,14.5,85,1,35,0,1250,58.8,41.2,2.5,0,1.5,1,30,40,100,100
band,F601,BESTPROD,37964,NO,KEY,YES,BENTON,GALLATIN,UNCOATED,COATED,NO,LINE,YES,WoodHoe70,815,2,CATALOG,NA,1910,40,69,0.2,14.5,76,0.625,22,0,1250,58.8,41.2,1,0,2.5,1,35,40,100,100
band,F98,WARDS,37510,NO,KEY,YES,BENTON,GALLATIN,COATED,COATED,NO,LINE,NO,WoodHoe70,815,2,CATALOG,NA,1910,45,61,0.2,14,98,0.75,30,0,1600,58.8,41.2,2,0,2.4,0.9,30,40,100,100
band,I357,BESTPROD,37965,NO,KEY,YES,BENTON,GALLATIN,UNCOATED,COATED,NO,LINE,NO,WoodHoe70,816,9,CATALOG,NA,1910,55,61,0.283,21,78,1,28,0,1500,58.8,41.2,3,0,2.5,0.7,35,40,100,100
band,W92,GURNEY,37018,NO,KEY,YES,BENTON,GALLATIN,COATED,COATED,NO,LINE,YES,WoodHoe70,816,9,SPIEGEL,NA,1911,42.5,52,0.2,16,82,0.75,30,0,2150,58.8,41.2,0,0,2.5,1,33,40,110,100
band,I365,CHILDCRAFT,34250,YES,KEY,YES,BENTON,GALLATIN,UNCOATED,COVER,NO,LINE,NO,WoodHoe70,816,2,CATALOG,NA,1911,50,47,0.2,15,80,0.625,28,0,1750,59,41,0,0,1,1,38,40,91.89,100
band,I49,MODMAT,47301,YES,KEY,YES,BENTON,GALLATIN,UNCOATED,UNCOATED,NO,LINE,YES,WoodHoe70,816,2,CATALOG,NA,1910,NA,44,0.2,14.3,78,0.25,32,0,1650,56.8,43.2,3,0,2.5,2.5,40,40,100,100
band,I49,MODMAT,47301,NO,KEY,YES,BENTON,GALLATIN,UNCOATED,UNCOATED,NO,LINE,YES,WoodHoe70,816,2,CATALOG,NA,1911,NA,43,0.2,15.2,78,0.75,32,8.2,1500,51,40.8,2,0,2.7,1.8,40,40,106.25,100
band,I49,MODMAT,47301,YES,KEY,YES,BENTON,GALLATIN,UNCOATED,UNCOATED,NO,LINE,YES,WoodHoe70,816,2,CATALOG,NA,1911,55,44,0.2,15,70,0.625,28,8.2,1700,51,40.8,0,0,2.5,2,40,40,100,100
band,G634,TOYSRUS,35880,NO,KEY,NO,BENTON,GALLATIN,COATED,COATED,NO,LINE,YES,WoodHoe70,816,2,CATALOG,NA,1910,40,38,NA,16.5,85,0.625,30,4.3,1900,53.2,42.5,0,0,3,1,30,40,103.13,100
band,G634,TOYSRUS,35880,NO,KEY,NO,BENTON,GALLATIN,COATED,COATED,NO,LINE,NA,WoodHoe70,816,2,TABLOID,NA,1910,40,40,NA,15.7,85,0.3125,27,4.3,2050,53.2,42.5,1,0,2.5,1.5,30,40,103.13,100
band,G69,TOYSRUS,35880,NO,KEY,NO,BENTON,GALLATIN,COATED,COATED,NO,LINE,YES,WoodHoe70,816,2,TABLOID,NA,1911,40,40,0.3,14.9,75,0.625,28,4.3,2000,53.2,42.5,4,0,2.5,1.5,30,40,117.86,100
band,X768,TVGUIDE,25550,YES,KEY,YES,BENTON,GALLATIN,UNCOATED,UNCOATED,NO,LINE,YES,Motter94,821,7,TABLOID,NA,1911,40,47,0.2,14.5,85,0.75,25,10.5,1850,52.6,36.9,2,0,0,0,34,40,110,100
band,X13,BURDINES,37068,NO,KEY,YES,BENTON,GALLATIN,COATED,COATED,NO,LINE,YES,Motter94,821,2,TABLOID,NA,1911,40,49,0.3,17,75,0.625,30,0,1600,58.8,41.2,0,0,2.5,0.65,33,40,109.6,100
band,R30,SHEPLERS,35529,YES,KEY,YES,BENTON,GALLATIN,UNCOATED,UNCOATED,NO,LINE,YES,Albert70,802,7,SPIEGEL,NA,1911,47.5,58,0.217,13.1,70,NA,55,10,1660,50,40,0,0,2.9,1,34,40,96.88,100
band,G407,KIDSRUS,29442,YES,KEY,YES,BENTON,GALLATIN,UNCOATED,COVER,NO,LINE,YES,WoodHoe70,816,2,TABLOID,NA,1910,50,40,0.2,15.2,78,1,24,0,1850,58.8,41.2,0,0,2.9,1.1,40,40,103.13,100
band,F620,USCAV,35522,YES,KEY,YES,BENTON,GALLATIN,UNCOATED,UNCOATED,NO,LINE,NO,Albert70,802,2,CATALOG,NA,1911,40,65,0.2,15,80,0.625,50,10.4,1640,47.2,42.4,1,0,3,1.5,32,40,103.13,100
band,X160,COLORTILE,37575,NO,KEY,YES,BENTON,GALLATIN,COATED,COATED,NO,LINE,YES,Motter94,824,2,TABLOID,NA,1910,30,NA,0.3,17,78,0.8125,30,0,1700,58.8,41.2,0,0,2.5,1.2,30,40,106.25,100
band,X7,COLORTILE,34272,YES,KEY,YES,BENTON,GALLATIN,COATED,COATED,NO,LINE,YES,Motter94,824,9,TABLOID,NA,1910,30,40,0.2,14,73,0.5625,30,0,1800,58.8,41.2,0,0,0,0,30,40,100,100
band,I324,CHILDCRAFT,37001,YES,KEY,YES,BENTON,GALLATIN,UNCOATED,UNCOATED,NO,LINE,YES,Albert70,802,7,CATALOG,NA,1911,50,62,0.267,11.2,80,NA,50,0,1570,58.8,41.2,0,0,3,1,38,40,103.23,100
band,R6,SHEPLERS,35529,YES,KEY,YES,BENTON,GALLATIN,UNCOATED,UNCOATED,NO,LINE,YES,Albert70,802,7,SPIEGEL,NA,1910,45,63,0.267,15,80,0.75,50,0,1470,58.8,41.2,2,0,3,1,34,40,100,100
band,M374,USCAV,35522,YES,KEY,YES,BENTON,GALLATIN,UNCOATED,UNCOATED,NO,LINE,NO,Albert70,802,7,CATALOG,NA,1911,37.5,65,0.2,16,80,0.625,50,6.6,1640,54.9,38.5,3,0,3,1,32,40,103.13,100
band,AA1,KMART,34514,NO,KEY,YES,BENTON,GALLATIN,UNCOATED,COATED,NO,LINE,YES,Motter94,821,7,TABLOID,NA,1910,40,39,0.2,15,83,0.625,30,0,2000,58.1,41.9,1,0,2.5,0.6,35,40,100,100
band,AA17,KMART,34514,NO,KEY,YES,BENTON,GALLATIN,UNCOATED,COATED,NO,LINE,YES,Motter94,821,7,TABLOID,NA,1911,40,39,0.2,15,72,0.375,30,0,2000,58.1,41.9,1,0,2.5,0.3,35,40,109.9,100
band,X139,TVGUIDE,25532,YES,KEY,YES,BENTON,GALLATIN,UNCOATED,UNCOATED,NO,LINE,YES,Motter94,821,2,TABLOID,NA,1910,40,59,0.25,15,80,0.75,40,13.3,1750,51,35.7,0,0,2.2,0.7,34,40,100,100
band,T233,BESTPROD,37998,NO,KEY,NA,NA,GALLATIN,UNCOATED,COATED,NO,NA,NA,WoodHoe70,815,2,NA,NA,1910,30,50,0.233,16.1,79,0.625,25,NA,1400,NA,NA,NA,NA,2.5,1,NA,40,106,100
band,X216,GUIDEPOSTS,23233,YES,KEY,NA,NA,GALLATIN,UNCOATED,COATED,NO,NA,YES,Motter94,821,7,NA,NA,1911,40,40,0.3,14.5,72,0.625,34,NA,1620,NA,NA,NA,NA,2.5,1.3,NA,40,102,100
band,AA43,KMART,34518,NO,KEY,NA,NA,GALLATIN,UNCOATED,COATED,NO,NA,NO,Motter94,821,7,NA,NA,1911,45,36,NA,14,76,0.625,20,NA,1700,NA,NA,NA,NA,2,0.9,NA,40,100,100
band,J29,PENNEY,34014,NO,KEY,NA,NA,GALLATIN,UNCOATED,COATED,NO,NA,NA,WoodHoe70,816,9,TABLOID,NA,1910,40,40,0.3,15.5,75,0.75,25,NA,1100,NA,NA,NA,NA,2.5,1,NA,40,102.941,100
band,X129,WOOLWORTH,34227,NO,KEY,NA,NA,GALLATIN,COATED,COATED,NO,NA,YES,Motter94,824,9,TABLOID,NA,1910,35,42,0.2,15,78,0.5625,40,NA,1750,NA,NA,NA,NA,2.3,1,NA,40,103,100
band,G648,ROSES,36423,NO,KEY,NA,NA,GALLATIN,COATED,COATED,NO,NA,YES,WoodHoe70,815,2,TABLOID,NA,1910,55,51,0.25,16.4,78,0.5,29,NA,1800,NA,NA,NA,NA,1.5,1,NA,40,100,100
band,X66,ROSES,34294,NO,KEY,NA,NA,GALLATIN,COATED,COATED,NO,NA,YES,Motter94,821,2,TABLOID,NA,1910,35,48,0.267,16,72,0.75,20,NA,1650,NA,NA,NA,NA,1.5,1.1,NA,40,83.33,100
band,G38,ROSES,34293,NO,KEY,NA,NA,GALLATIN,COATED,COATED,NO,NA,YES,WoodHoe70,816,2,TABLOID,NA,1910,47.5,50,0.2,17,70,0.5,30,NA,2000,NA,NA,NA,NA,2.2,0.7,NA,40,103.225,100
band,X13,TOYSRUS,34156,NO,KEY,NA,NA,GALLATIN,COATED,COATED,NO,NA,YES,Motter94,824,10,TABLOID,NA,1911,40,52,NA,13.5,85,0.75,30,NA,1900,NA,NA,NA,NA,0,0,NA,40,94.4,100
band,O5,TARGET,34453,NO,KEY,NA,NA,GALLATIN,UNCOATED,COATED,NO,NA,YES,Motter94,827,2,SPIEGEL,NA,1911,47.5,53,0.233,17,80,0.625,20,NA,1850,NA,NA,NA,NA,2,1.5,NA,40,105.7,100
band,R38,TARGET,34453,NO,KEY,NA,NA,GALLATIN,UNCOATED,COATED,NO,NA,YES,WoodHoe70,816,9,SPIEGEL,NA,1910,50,56,0.3,15,80,0.1875,26,NA,1950,NA,NA,NA,NA,2.5,1.5,NA,40,102.857,100
band,X36,CVS,34763,YES,KEY,NA,NA,GALLATIN,UNCOATED,UNCOATED,NO,NA,NA,Motter94,824,2,TABLOID,NA,1911,55,56,0.3,21,80,0.875,35,NA,1650,NA,NA,NA,NA,2.1,0.6,NA,40,100,100
band,X196,CVS,34763,YES,KEY,NA,NA,GALLATIN,UNCOATED,UNCOATED,NO,NA,YES,Motter94,824,2,TABLOID,NA,1910,55,54,0.3,17.5,82,0.8125,28,NA,1600,NA,NA,NA,NA,2.5,1,NA,40,102.94,100
band,X292,TOYSRUS,34157,NO,KEY,NA,NA,GALLATIN,UNCOATED,UNCOATED,NO,NA,YES,Motter94,824,2,TABLOID,NA,1910,40,57,0.3,16,86,0.8125,30,NA,1700,NA,NA,NA,NA,2.5,1,NA,40,102.94,100
band,R25,TARGET,34465,NO,KEY,NA,NA,GALLATIN,COATED,COATED,NO,NA,YES,WoodHoe70,816,1,SPIEGEL,NA,1910,35,56,0.267,15.1,81,0.75,32,NA,2000,NA,NA,NA,NA,2.5,1,NA,40,102.94,100
band,AA40,KMART,34527,NA,KEY,NA,NA,GALLATIN,UNCOATED,COATED,NO,NA,YES,Motter94,821,7,SPIEGEL,NA,1910,50,66,0.3,14.8,80,0.625,30,NA,1840,NA,NA,NA,NA,2.5,1,NA,40,100,100
band,I347,MODMAT,47304,YES,KEY,NA,NA,GALLATIN,UNCOATED,UNCOATED,NO,NA,YES,WoodHoe70,815,9,CATALOG,NA,1911,50,67,0.3,14.5,86,0.75,22,NA,1300,NA,NA,NA,NA,2.5,2,NA,40,102.77,100
band,1351,homeshop,36567,NA,key,NA,NA,gallatin,coated,coated,no,NA,no,Albert70,816,2,catalog,NA,1910,NA,62,0.333,14.5,84,NA,23,NA,1200,NA,NA,NA,NA,2.5,NA,NA,40,103.22,100
band,aa28,kmart,34533,NA,key,NA,NA,gallatin,super,uncoated,no,NA,yes,Motter94,821,2,tabloid,NA,1910,NA,63,0.233,15.5,79,0.625,35,NA,1760,NA,NA,NA,NA,2.4,1,NA,40,106.25,100
band,f131,hanoverhouse,34905,NA,key,NA,NA,gallatin,coated,coated,no,NA,yes,Albert70,816,9,catalog,NA,1910,NA,67,0.3,15.1,80,0.75,28,NA,1780,NA,NA,NA,NA,2.5,1,NA,40,106.25,100
band,aa58,kmart,34534,NA,key,NA,NA,gallatin,super,uncoated,no,NA,yes,Motter94,821,7,spiegel,NA,1911,NA,50,0.333,15.7,82,NA,30,NA,1850,NA,NA,NA,NA,NA,NA,NA,40,103.22,100
band,aa45,kmart,34534,NA,key,NA,NA,gallatin,super,uncoated,no,NA,yes,Motter94,821,7,spiegel,NA,1911,NA,60,0.3,15,82,0.5,22,NA,1800,NA,NA,NA,NA,2.5,1,NA,40,96.8,100
band,aa29,kmart,34534,NA,key,NA,NA,gallatin,super,uncoated,no,NA,yes,Motter94,821,7,spiegel,NA,1911,NA,60,0.267,14.8,80,0.625,25,NA,1850,NA,NA,NA,NA,2.5,1,NA,40,96.9,100
band,aa43,kmart,34534,NA,key,NA,NA,gallatin,super,uncoated,no,NA,yes,Motter94,821,7,spiegel,NA,NA,NA,56,0.3,14.1,82,0.625,40,NA,1800,NA,NA,NA,NA,2.5,0.9,NA,40,96.9,100
band,i366,homeshopping,36568,NA,key,NA,NA,gallatin,super,uncoated,no,NA,NA,Albert70,816,2,catalog,NA,1911,NA,56,0.367,15.1,78,0.5,29,NA,1320,NA,NA,NA,NA,2.5,NA,NA,40,96.9,100
band,t31,bestprod,36054,NA,key,NA,NA,gallatin,super,uncoated,no,NA,yes,Albert70,816,2,catalog,NA,1911,NA,47,0.2,15,85,0.5,24,NA,1470,NA,NA,NA,NA,1.8,1.7,NA,40,96.9,100
band,aa067,venture,24780,NA,key,NA,NA,gallatin,super,uncoated,no,NA,yes,Motter94,821,7,tabloid,NA,1911,NA,55,0.367,15.5,76,0.75,30,NA,1750,NA,NA,NA,NA,2.5,1.2,NA,40,96.9,100
band,i25,homeshop,36569,NA,key,NA,NA,gallatin,super,cover,no,NA,yes,Albert70,816,2,catalog,NA,1910,NA,53,0.3,14.2,72,1,28,NA,1600,NA,NA,NA,NA,2.7,1.5,NA,40,106.1,100
band,i400,homeshop,36569,NA,key,NA,NA,gallatin,super,cover,no,NA,yes,Albert70,816,2,catalog,NA,1910,NA,39,0.3,15.1,71,0.625,30,NA,1700,NA,NA,NA,NA,2.5,1.5,NA,40,106.1,100
band,i305,modmat,47401,NA,key,NA,NA,gallatin,coated,coated,no,NA,yes,Albert70,816,2,catalog,NA,1911,NA,46,0.3,17,80,0.25,25,NA,1700,NA,NA,NA,NA,2.5,1.5,NA,30,117.7,95
band,r32,target,35502,NA,key,NA,NA,gallatin,super,uncoated,NA,NA,yes,Albert70,815,2,spiegel,NA,1910,NA,35,0.3,16.2,88,0.5,28,NA,1750,NA,NA,NA,NA,2.3,1,NA,40,106,100
band,w368,jfk,35986,NA,key,NA,NA,gallatin,coated,coated,NA,NA,yes,WoodHoe70,802,7,spiegel,NA,1910,NA,40,0.333,14.5,70,0.75,60,NA,1250,NA,NA,NA,NA,2,1.5,NA,40,112.5,100
band,t30,colorfulimage,37046,NA,key,NA,NA,gallatin,coated,coated,NA,NA,yes,WoodHoe70,802,7,catalog,NA,1911,NA,39,0.3,16,72,0.75,50,NA,1350,NA,NA,NA,NA,2.5,2.2,NA,40,106.6,95
band,m337,bestprod,35831,NA,key,NA,NA,gallatin,super,cover,NA,NA,yes,Albert70,815,2,catalog,NA,1911,NA,40,0.3,16.5,84,0.625,26,NA,1565,NA,NA,NA,NA,2.5,1,NA,40,106.6,95
band,aa56,kmart,85725,NA,key,NA,NA,gallatin,super,uncoated,NA,NA,yes,Motter94,821,7,tabloid,NA,1910,NA,44,0.2,16.22,74,0.75,30,NA,2200,NA,NA,NA,NA,2.8,0.8,NA,40,106.6,95
band,g433,toysrus,35661,NA,key,NA,NA,gallatin,uncoated,uncoated,NA,NA,yes,Albert70,816,2,tabloid,NA,1910,NA,47,0.233,16.5,86,0.25,NA,NA,1750,NA,NA,NA,NA,2.1,2.1,NA,40,109.6,95
band,x799,eckerds,37392,NA,key,NA,NA,gallatin,uncoated,uncoated,NA,NA,yes,Motter94,824,2,tabloid,NA,1910,NA,45,0.2,17,84,0.8125,27,NA,1865,NA,NA,NA,NA,1.5,0.7,NA,40,109.1,95
band,I46,modmat,47403,NA,key,NA,NA,gallatin,coated,coated,NA,NA,yes,Albert70,816,2,catalog,NA,1911,NA,52,0.2,16,75,0.3125,25,NA,1500,NA,NA,NA,NA,2.5,0.6,NA,40,109.1,100
band,Y209,kmart,85741,NA,key,NA,NA,gallatin,uncoated,uncoated,NA,NA,NA,Albert70,816,2,tabloid,NA,1911,NA,NA,0.3,15,80,0.5,30,NA,2020,NA,NA,NA,NA,2.9,0.5,NA,40,110.3,100
band,e302,kmart,85750,NA,key,NA,NA,gallatin,super,uncoated,NA,NA,yes,Motter94,827,2,tabloid,NA,1911,NA,54,0.3,16.5,88,0.75,25,NA,1850,NA,NA,NA,NA,3,2,NA,40,107.14,95
band,i311,modmat,47405,NA,key,NA,NA,gallatin,coated,coated,NA,NA,yes,Albert70,815,2,catalog,NA,1911,NA,56,0.3,14,91,1.125,27,NA,1650,NA,NA,NA,NA,3,1.5,NA,40,100,95
band,t26,toysrus,37191,NA,key,NA,NA,gallatin,coated,coated,NA,NA,yes,Albert70,815,2,catalog,NA,1911,NA,50,0.2,16.5,74,0.625,34,NA,1750,NA,NA,NA,NA,2.6,1,NA,40,103.125,95
band,t26,homeshop,35069,NA,key,NA,NA,gallatin,coated,coated,NA,NA,yes,Albert70,816,9,catalog,NA,1911,NA,56,0.2,17,75,0.75,25,NA,1600,NA,NA,NA,NA,2,1,NA,40,103.125,95
band,m272,toysrus,37191,NA,key,NA,NA,gallatin,coated,coated,NA,NA,yes,Albert70,815,9,catalog,NA,1910,NA,55,0.2,17,95,0.625,27,NA,1600,NA,NA,NA,NA,2.5,1,NA,40,106.25,100
band,ee304,jcp,35425,NA,key,NA,NA,gallatin,super,uncoated,NA,NA,yes,Motter94,821,7,tabloid,NA,1911,NA,54,0.267,15.5,80,0.75,40,NA,2000,NA,NA,NA,NA,1.8,1.3,NA,40,107.14,NA
band,x255,walmart,71331,NA,key,NA,NA,gallatin,super,uncoated,NA,NA,NA,Motter94,824,2,tabloid,NA,1911,NA,54,NA,15.5,78,0.8125,30,NA,2100,NA,NA,NA,NA,1.2,1,NA,40,97.05,100
band,aa97,kmart,85813,NA,key,NA,NA,gallatin,super,coated,NA,NA,yes,Motter94,828,2,tabloid,NA,1910,NA,53,NA,17,73,0.75,35,NA,2100,NA,NA,NA,NA,2.6,1.3,NA,40,113.3,100
band,e78,eckerd,38240,NA,key,NA,NA,gallatin,uncoated,uncoated,NA,NA,no,Motter94,828,2,tabloid,NA,1911,NA,NA,NA,16,83,NA,28,NA,2400,NA,NA,NA,NA,2.5,1,NA,40,112.5,100
band,e38,eckerd,38240,NA,key,NA,NA,gallatin,uncoated,uncoated,NA,NA,yes,Motter94,828,9,tabloid,NA,1911,NA,60,NA,14.9,76,1,30,NA,2500,NA,NA,NA,NA,0.5,0.5,NA,40,112.5,100
band,aa7,kmart,85813,NA,key,NA,NA,gallatin,super,uncoated,NA,NA,NA,Motter94,827,2,tabloid,NA,1910,NA,56,0.3,18.3,80,1,32,NA,1900,NA,NA,NA,NA,NA,NA,NA,40,110,100
band,aa66,kmart,85813,NA,key,NA,NA,gallatin,super,uncoated,NA,NA,NA,Motter94,827,9,tabloid,NA,1910,NA,52,NA,18,82,1,25,NA,1880,NA,NA,NA,NA,1,1,NA,40,112.5,100
band,j44,best,38064,NA,key,NA,NA,gallatin,super,coated,NA,NA,yes,Albert70,815,1,tabloid,NA,1910,NA,NA,0.2,16.1,76,0.5,34,NA,2100,NA,NA,NA,NA,0,0,NA,40,110,100
band,aa58,kmart,85814,NA,key,NA,NA,gallatin,super,coated,NA,NA,NA,Motter94,827,2,tabloid,NA,1910,NA,NA,0.3,16.5,70,1,34,NA,1903,NA,NA,NA,NA,2.7,2.8,NA,40,108,100
band,aa70,kmart,85814,NA,key,NA,NA,gallatin,super,uncoated,NA,NA,NA,Motter94,828,2,tabloid,NA,1910,NA,46,0.267,16.4,76,1,34,NA,1903,NA,NA,NA,NA,1.5,2.3,NA,40,108,100
band,j70,best,38064,NA,key,NA,NA,gallatin,super,uncoated,NA,NA,yes,Albert70,815,1,tabloid,NA,1910,NA,46,0.2,14.2,75,0.75,25,NA,2050,NA,NA,NA,NA,2.5,1,NA,40,108.1,100
